Target,Create_Date,Text,Compound,Positive,Negative,Neutral,Text_Cnt
@BBC,Fri Oct 05 00:37:29 +0000 2018,"RT @BBC: This is how homophobia feels in 2018. 
#NationalPoetryDay https://t.co/Dk2F3dDLPl",0.0,0.0,0.0,1.0,0
@BBC,Fri Oct 05 00:37:27 +0000 2018,"RT @BBC: üé∂ @BTS_twt is the #KPop band taking over the world and smashing records everywhere. 

Who are they and how did they become so succ‚Ä¶",0.0,0.0,0.0,1.0,1
@BBC,Fri Oct 05 00:37:19 +0000 2018,RT @RealRapman: BBC 1 news @bbc #shirosstory üôèüèæ https://t.co/kRgJn4MVqc,0.0,0.0,0.0,1.0,2
@BBC,Fri Oct 05 00:37:18 +0000 2018,"RT @BTS__Europe: Now officialy on the @BBC schedule page - @BTS_twt performing on the The Graham Norton Show 

üìÖ Next Friday - 12.10
‚è∞ 23:3‚Ä¶",0.0,0.0,0.0,1.0,3
@BBC,Fri Oct 05 00:37:17 +0000 2018,"RT @BTS__Europe: Now officialy on the @BBC schedule page - @BTS_twt performing on the The Graham Norton Show 

üìÖ Next Friday - 12.10
‚è∞ 23:3‚Ä¶",0.0,0.0,0.0,1.0,4
@BBC,Fri Oct 05 00:37:14 +0000 2018,"RT @BTS__Europe: Now officialy on the @BBC schedule page - @BTS_twt performing on the The Graham Norton Show 

üìÖ Next Friday - 12.10
‚è∞ 23:3‚Ä¶",0.0,0.0,0.0,1.0,5
@BBC,Fri Oct 05 00:37:11 +0000 2018,"RT @BBC: üé∂ @BTS_twt is the #KPop band taking over the world and smashing records everywhere. 

Who are they and how did they become so succ‚Ä¶",0.0,0.0,0.0,1.0,6
@BBC,Fri Oct 05 00:37:06 +0000 2018,"RT @BTS__Europe: Now officialy on the @BBC schedule page - @BTS_twt performing on the The Graham Norton Show 

üìÖ Next Friday - 12.10
‚è∞ 23:3‚Ä¶",0.0,0.0,0.0,1.0,7
@BBC,Fri Oct 05 00:37:04 +0000 2018,"RT @BBC: üé∂ @BTS_twt is the #KPop band taking over the world and smashing records everywhere. 

Who are they and how did they become so succ‚Ä¶",0.0,0.0,0.0,1.0,8
@BBC,Fri Oct 05 00:36:56 +0000 2018,"RT @BBC: üé∂ @BTS_twt is the #KPop band taking over the world and smashing records everywhere. 

Who are they and how did they become so succ‚Ä¶",0.0,0.0,0.0,1.0,9
@BBC,Fri Oct 05 00:36:45 +0000 2018,"RT @BBC: üé∂ @BTS_twt is the #KPop band taking over the world and smashing records everywhere. 

Who are they and how did they become so succ‚Ä¶",0.0,0.0,0.0,1.0,10
@BBC,Fri Oct 05 00:36:42 +0000 2018,"RT @BBC: üé∂ @BTS_twt is the #KPop band taking over the world and smashing records everywhere. 

Who are they and how did they become so succ‚Ä¶",0.0,0.0,0.0,1.0,11
@BBC,Fri Oct 05 00:36:35 +0000 2018,"RT @BTS__Europe: Now officialy on the @BBC schedule page - @BTS_twt performing on the The Graham Norton Show 

üìÖ Next Friday - 12.10
‚è∞ 23:3‚Ä¶",0.0,0.0,0.0,1.0,12
@BBC,Fri Oct 05 00:36:34 +0000 2018,@judithnwana @ndyLiv1 @BBC @CNN @PENamerican @UNHumanRights When they feed on the blood of the innocent they don't‚Ä¶ https://t.co/GUeElfDGH7,0.34,0.124,0.0,0.876,13
@BBC,Fri Oct 05 00:36:33 +0000 2018,"RT @BBC: üé∂ @BTS_twt is the #KPop band taking over the world and smashing records everywhere. 

Who are they and how did they become so succ‚Ä¶",0.0,0.0,0.0,1.0,14
@BBC,Fri Oct 05 00:36:32 +0000 2018,"RT @BTS__Europe: Now officialy on the @BBC schedule page - @BTS_twt performing on the The Graham Norton Show 

üìÖ Next Friday - 12.10
‚è∞ 23:3‚Ä¶",0.0,0.0,0.0,1.0,15
@BBC,Fri Oct 05 00:36:28 +0000 2018,"RT @BBC: üé∂ @BTS_twt is the #KPop band taking over the world and smashing records everywhere. 

Who are they and how did they become so succ‚Ä¶",0.0,0.0,0.0,1.0,16
@BBC,Fri Oct 05 00:36:26 +0000 2018,"RT @BBC: üé∂ @BTS_twt is the #KPop band taking over the world and smashing records everywhere. 

Who are they and how did they become so succ‚Ä¶",0.0,0.0,0.0,1.0,17
@BBC,Fri Oct 05 00:36:24 +0000 2018,"RT @BTS__Europe: Now officialy on the @BBC schedule page - @BTS_twt performing on the The Graham Norton Show 

üìÖ Next Friday - 12.10
‚è∞ 23:3‚Ä¶",0.0,0.0,0.0,1.0,18
@BBC,Fri Oct 05 00:36:21 +0000 2018,"RT @BTS__Europe: Now officialy on the @BBC schedule page - @BTS_twt performing on the The Graham Norton Show 

üìÖ Next Friday - 12.10
‚è∞ 23:3‚Ä¶",0.0,0.0,0.0,1.0,19
@BBC,Fri Oct 05 00:36:20 +0000 2018,"RT @BTS__Europe: Now officialy on the @BBC schedule page - @BTS_twt performing on the The Graham Norton Show 

üìÖ Next Friday - 12.10
‚è∞ 23:3‚Ä¶",0.0,0.0,0.0,1.0,20
@BBC,Fri Oct 05 00:36:13 +0000 2018,"RT @BBC: üé∂ @BTS_twt is the #KPop band taking over the world and smashing records everywhere. 

Who are they and how did they become so succ‚Ä¶",0.0,0.0,0.0,1.0,21
@BBC,Fri Oct 05 00:36:12 +0000 2018,"RT @BBC: üé∂ @BTS_twt is the #KPop band taking over the world and smashing records everywhere. 

Who are they and how did they become so succ‚Ä¶",0.0,0.0,0.0,1.0,22
@BBC,Fri Oct 05 00:36:02 +0000 2018,"RT @BBC: üé∂ @BTS_twt is the #KPop band taking over the world and smashing records everywhere. 

Who are they and how did they become so succ‚Ä¶",0.0,0.0,0.0,1.0,23
@BBC,Fri Oct 05 00:36:01 +0000 2018,@RealRapman @BBC @RealRapman I‚Äôm so happy for you. You deserve everything coming to you and keep doing what you‚Äôre doing!! üí´ üíñ,0.745,0.219,0.0,0.781,24
@BBC,Fri Oct 05 00:36:01 +0000 2018,"RT @BTS__Europe: Now officialy on the @BBC schedule page - @BTS_twt performing on the The Graham Norton Show 

üìÖ Next Friday - 12.10
‚è∞ 23:3‚Ä¶",0.0,0.0,0.0,1.0,25
@BBC,Fri Oct 05 00:35:59 +0000 2018,"RT @BTS__Europe: Now officialy on the @BBC schedule page - @BTS_twt performing on the The Graham Norton Show 

üìÖ Next Friday - 12.10
‚è∞ 23:3‚Ä¶",0.0,0.0,0.0,1.0,26
@BBC,Fri Oct 05 00:35:56 +0000 2018,"RT @BTS__Europe: Now officialy on the @BBC schedule page - @BTS_twt performing on the The Graham Norton Show 

üìÖ Next Friday - 12.10
‚è∞ 23:3‚Ä¶",0.0,0.0,0.0,1.0,27
@BBC,Fri Oct 05 00:35:56 +0000 2018,"RT @BTS__Europe: Now officialy on the @BBC schedule page - @BTS_twt performing on the The Graham Norton Show 

üìÖ Next Friday - 12.10
‚è∞ 23:3‚Ä¶",0.0,0.0,0.0,1.0,28
@BBC,Fri Oct 05 00:35:55 +0000 2018,"RT @BBC: üé∂ @BTS_twt is the #KPop band taking over the world and smashing records everywhere. 

Who are they and how did they become so succ‚Ä¶",0.0,0.0,0.0,1.0,29
@BBC,Fri Oct 05 00:35:53 +0000 2018,RT @RealRapman: BBC 1 news @bbc #shirosstory üôèüèæ https://t.co/kRgJn4MVqc,0.0,0.0,0.0,1.0,30
@BBC,Fri Oct 05 00:35:52 +0000 2018,"RT @BBC: üé∂ @BTS_twt is the #KPop band taking over the world and smashing records everywhere. 

Who are they and how did they become so succ‚Ä¶",0.0,0.0,0.0,1.0,31
@BBC,Fri Oct 05 00:35:40 +0000 2018,"RT @oceana: Greenland sharks are now the longest-living vertebrates known on Earth, scientists say. But how old are they? via @BBC https://‚Ä¶",0.0,0.0,0.0,1.0,32
@BBC,Fri Oct 05 00:35:36 +0000 2018,RT @RealRapman: BBC 1 news @bbc #shirosstory üôèüèæ https://t.co/kRgJn4MVqc,0.0,0.0,0.0,1.0,33
@BBC,Fri Oct 05 00:35:30 +0000 2018,"RT @BBC: üé∂ @BTS_twt is the #KPop band taking over the world and smashing records everywhere. 

Who are they and how did they become so succ‚Ä¶",0.0,0.0,0.0,1.0,34
@BBC,Fri Oct 05 00:35:26 +0000 2018,"RT @BBC: üé∂ @BTS_twt is the #KPop band taking over the world and smashing records everywhere. 

Who are they and how did they become so succ‚Ä¶",0.0,0.0,0.0,1.0,35
@BBC,Fri Oct 05 00:35:15 +0000 2018,"RT @BTS__Europe: Now officialy on the @BBC schedule page - @BTS_twt performing on the The Graham Norton Show 

üìÖ Next Friday - 12.10
‚è∞ 23:3‚Ä¶",0.0,0.0,0.0,1.0,36
@BBC,Fri Oct 05 00:35:15 +0000 2018,"RT @BBC: üé∂ @BTS_twt is the #KPop band taking over the world and smashing records everywhere. 

Who are they and how did they become so succ‚Ä¶",0.0,0.0,0.0,1.0,37
@BBC,Fri Oct 05 00:35:10 +0000 2018,"RT @BTS__Europe: Now officialy on the @BBC schedule page - @BTS_twt performing on the The Graham Norton Show 

üìÖ Next Friday - 12.10
‚è∞ 23:3‚Ä¶",0.0,0.0,0.0,1.0,38
@BBC,Fri Oct 05 00:35:07 +0000 2018,"RT @BBC: üé∂ @BTS_twt is the #KPop band taking over the world and smashing records everywhere. 

Who are they and how did they become so succ‚Ä¶",0.0,0.0,0.0,1.0,39
@BBC,Fri Oct 05 00:34:54 +0000 2018,RT @RealRapman: BBC 1 news @bbc #shirosstory üôèüèæ https://t.co/kRgJn4MVqc,0.0,0.0,0.0,1.0,40
@BBC,Fri Oct 05 00:34:52 +0000 2018,"RT @oceana: Greenland sharks are now the longest-living vertebrates known on Earth, scientists say. But how old are they? via @BBC https://‚Ä¶",0.0,0.0,0.0,1.0,41
@BBC,Fri Oct 05 00:34:51 +0000 2018,"RT @BBC: üé∂ @BTS_twt is the #KPop band taking over the world and smashing records everywhere. 

Who are they and how did they become so succ‚Ä¶",0.0,0.0,0.0,1.0,42
@BBC,Fri Oct 05 00:34:49 +0000 2018,"RT @BBC: üé∂ @BTS_twt is the #KPop band taking over the world and smashing records everywhere. 

Who are they and how did they become so succ‚Ä¶",0.0,0.0,0.0,1.0,43
@BBC,Fri Oct 05 00:34:44 +0000 2018,"RT @BTS__Europe: Now officialy on the @BBC schedule page - @BTS_twt performing on the The Graham Norton Show 

üìÖ Next Friday - 12.10
‚è∞ 23:3‚Ä¶",0.0,0.0,0.0,1.0,44
@BBC,Fri Oct 05 00:34:23 +0000 2018,RT @RealRapman: BBC 1 news @bbc #shirosstory üôèüèæ https://t.co/kRgJn4MVqc,0.0,0.0,0.0,1.0,45
@BBC,Fri Oct 05 00:34:22 +0000 2018,"RT @BTS__Europe: Now officialy on the @BBC schedule page - @BTS_twt performing on the The Graham Norton Show 

üìÖ Next Friday - 12.10
‚è∞ 23:3‚Ä¶",0.0,0.0,0.0,1.0,46
@BBC,Fri Oct 05 00:34:06 +0000 2018,"RT @BTS__Europe: Now officialy on the @BBC schedule page - @BTS_twt performing on the The Graham Norton Show 

üìÖ Next Friday - 12.10
‚è∞ 23:3‚Ä¶",0.0,0.0,0.0,1.0,47
@BBC,Fri Oct 05 00:34:06 +0000 2018,@oceana @BBC WOW,0.6739,0.694,0.0,0.306,48
@BBC,Fri Oct 05 00:34:01 +0000 2018,"RT @BTS__Europe: Now officialy on the @BBC schedule page - @BTS_twt performing on the The Graham Norton Show 

üìÖ Next Friday - 12.10
‚è∞ 23:3‚Ä¶",0.0,0.0,0.0,1.0,49
@BBC,Fri Oct 05 00:34:01 +0000 2018,"RT @BBC: üé∂ @BTS_twt is the #KPop band taking over the world and smashing records everywhere. 

Who are they and how did they become so succ‚Ä¶",0.0,0.0,0.0,1.0,50
@BBC,Fri Oct 05 00:33:59 +0000 2018,"RT @BTS__Europe: Now officialy on the @BBC schedule page - @BTS_twt performing on the The Graham Norton Show 

üìÖ Next Friday - 12.10
‚è∞ 23:3‚Ä¶",0.0,0.0,0.0,1.0,51
@BBC,Fri Oct 05 00:33:57 +0000 2018,"RT @BBC: üé∂ @BTS_twt is the #KPop band taking over the world and smashing records everywhere. 

Who are they and how did they become so succ‚Ä¶",0.0,0.0,0.0,1.0,52
@BBC,Fri Oct 05 00:33:56 +0000 2018,RT @RealRapman: BBC 1 news @bbc #shirosstory üôèüèæ https://t.co/kRgJn4MVqc,0.0,0.0,0.0,1.0,53
@BBC,Fri Oct 05 00:33:51 +0000 2018,"RT @BBC: üé∂ @BTS_twt is the #KPop band taking over the world and smashing records everywhere. 

Who are they and how did they become so succ‚Ä¶",0.0,0.0,0.0,1.0,54
@BBC,Fri Oct 05 00:33:46 +0000 2018,"RT @BBC: This is how homophobia feels in 2018. 
#NationalPoetryDay https://t.co/Dk2F3dDLPl",0.0,0.0,0.0,1.0,55
@BBC,Fri Oct 05 00:33:37 +0000 2018,"RT @BBC: üé∂ @BTS_twt is the #KPop band taking over the world and smashing records everywhere. 

Who are they and how did they become so succ‚Ä¶",0.0,0.0,0.0,1.0,56
@BBC,Fri Oct 05 00:33:37 +0000 2018,"RT @BBC: üé∂ @BTS_twt is the #KPop band taking over the world and smashing records everywhere. 

Who are they and how did they become so succ‚Ä¶",0.0,0.0,0.0,1.0,57
@BBC,Fri Oct 05 00:33:33 +0000 2018,"RT @BBC: üé∂ @BTS_twt is the #KPop band taking over the world and smashing records everywhere. 

Who are they and how did they become so succ‚Ä¶",0.0,0.0,0.0,1.0,58
@BBC,Fri Oct 05 00:33:32 +0000 2018,"RT @oceana: Greenland sharks are now the longest-living vertebrates known on Earth, scientists say. But how old are they? via @BBC https://‚Ä¶",0.0,0.0,0.0,1.0,59
@BBC,Fri Oct 05 00:33:30 +0000 2018,"RT @BBC: üé∂ @BTS_twt is the #KPop band taking over the world and smashing records everywhere. 

Who are they and how did they become so succ‚Ä¶",0.0,0.0,0.0,1.0,60
@BBC,Fri Oct 05 00:33:27 +0000 2018,"RT @BBC: üé∂ @BTS_twt is the #KPop band taking over the world and smashing records everywhere. 

Who are they and how did they become so succ‚Ä¶",0.0,0.0,0.0,1.0,61
@BBC,Fri Oct 05 00:33:06 +0000 2018,"RT @BBC: üé∂ @BTS_twt is the #KPop band taking over the world and smashing records everywhere. 

Who are they and how did they become so succ‚Ä¶",0.0,0.0,0.0,1.0,62
@BBC,Fri Oct 05 00:33:00 +0000 2018,"RT @BTS__Europe: Now officialy on the @BBC schedule page - @BTS_twt performing on the The Graham Norton Show 

üìÖ Next Friday - 12.10
‚è∞ 23:3‚Ä¶",0.0,0.0,0.0,1.0,63
@BBC,Fri Oct 05 00:32:55 +0000 2018,"RT @BTS__Europe: Now officialy on the @BBC schedule page - @BTS_twt performing on the The Graham Norton Show 

üìÖ Next Friday - 12.10
‚è∞ 23:3‚Ä¶",0.0,0.0,0.0,1.0,64
@BBC,Fri Oct 05 00:32:54 +0000 2018,"RT @BTS__Europe: Now officialy on the @BBC schedule page - @BTS_twt performing on the The Graham Norton Show 

üìÖ Next Friday - 12.10
‚è∞ 23:3‚Ä¶",0.0,0.0,0.0,1.0,65
@BBC,Fri Oct 05 00:32:54 +0000 2018,"RT @oceana: Greenland sharks are now the longest-living vertebrates known on Earth, scientists say. But how old are they? via @BBC https://‚Ä¶",0.0,0.0,0.0,1.0,66
@BBC,Fri Oct 05 00:32:54 +0000 2018,RT @RealRapman: BBC 1 news @bbc #shirosstory üôèüèæ https://t.co/kRgJn4MVqc,0.0,0.0,0.0,1.0,67
@BBC,Fri Oct 05 00:32:52 +0000 2018,"RT @BTS__Europe: Now officialy on the @BBC schedule page - @BTS_twt performing on the The Graham Norton Show 

üìÖ Next Friday - 12.10
‚è∞ 23:3‚Ä¶",0.0,0.0,0.0,1.0,68
@BBC,Fri Oct 05 00:32:50 +0000 2018,"RT @BTS__Europe: Now officialy on the @BBC schedule page - @BTS_twt performing on the The Graham Norton Show 

üìÖ Next Friday - 12.10
‚è∞ 23:3‚Ä¶",0.0,0.0,0.0,1.0,69
@BBC,Fri Oct 05 00:32:44 +0000 2018,"RT @BBC: üé∂ @BTS_twt is the #KPop band taking over the world and smashing records everywhere. 

Who are they and how did they become so succ‚Ä¶",0.0,0.0,0.0,1.0,70
@BBC,Fri Oct 05 00:32:37 +0000 2018,"RT @BBC: üé∂ @BTS_twt is the #KPop band taking over the world and smashing records everywhere. 

Who are they and how did they become so succ‚Ä¶",0.0,0.0,0.0,1.0,71
@BBC,Fri Oct 05 00:32:29 +0000 2018,"RT @BBC: üé∂ @BTS_twt is the #KPop band taking over the world and smashing records everywhere. 

Who are they and how did they become so succ‚Ä¶",0.0,0.0,0.0,1.0,72
@BBC,Fri Oct 05 00:32:22 +0000 2018,"RT @BTS__Europe: Now officialy on the @BBC schedule page - @BTS_twt performing on the The Graham Norton Show 

üìÖ Next Friday - 12.10
‚è∞ 23:3‚Ä¶",0.0,0.0,0.0,1.0,73
@BBC,Fri Oct 05 00:32:20 +0000 2018,"RT @BBC: üé∂ @BTS_twt is the #KPop band taking over the world and smashing records everywhere. 

Who are they and how did they become so succ‚Ä¶",0.0,0.0,0.0,1.0,74
@BBC,Fri Oct 05 00:32:19 +0000 2018,"RT @BTS__Europe: Now officialy on the @BBC schedule page - @BTS_twt performing on the The Graham Norton Show 

üìÖ Next Friday - 12.10
‚è∞ 23:3‚Ä¶",0.0,0.0,0.0,1.0,75
@BBC,Fri Oct 05 00:32:19 +0000 2018,"RT @Redmeheart: @aaron_magro @IsaacKappy @VibeHi @nytimes @BBC Whatever it is, Trump does not get the credit he deserves. He's 4 steps ahea‚Ä¶",-0.2924,0.0,0.098,0.902,76
@BBC,Fri Oct 05 00:32:18 +0000 2018,"RT @BTS__Europe: Now officialy on the @BBC schedule page - @BTS_twt performing on the The Graham Norton Show 

üìÖ Next Friday - 12.10
‚è∞ 23:3‚Ä¶",0.0,0.0,0.0,1.0,77
@BBC,Fri Oct 05 00:32:18 +0000 2018,"RT @BBC: This is how homophobia feels in 2018. 
#NationalPoetryDay https://t.co/Dk2F3dDLPl",0.0,0.0,0.0,1.0,78
@BBC,Fri Oct 05 00:32:08 +0000 2018,"RT @BBC: üé∂ @BTS_twt is the #KPop band taking over the world and smashing records everywhere. 

Who are they and how did they become so succ‚Ä¶",0.0,0.0,0.0,1.0,79
@BBC,Fri Oct 05 00:32:04 +0000 2018,"RT @BTS__Europe: Now officialy on the @BBC schedule page - @BTS_twt performing on the The Graham Norton Show 

üìÖ Next Friday - 12.10
‚è∞ 23:3‚Ä¶",0.0,0.0,0.0,1.0,80
@BBC,Fri Oct 05 00:32:00 +0000 2018,"RT @BTS__Europe: Now officialy on the @BBC schedule page - @BTS_twt performing on the The Graham Norton Show 

üìÖ Next Friday - 12.10
‚è∞ 23:3‚Ä¶",0.0,0.0,0.0,1.0,81
@BBC,Fri Oct 05 00:31:55 +0000 2018,"RT @BTS__Europe: Now officialy on the @BBC schedule page - @BTS_twt performing on the The Graham Norton Show 

üìÖ Next Friday - 12.10
‚è∞ 23:3‚Ä¶",0.0,0.0,0.0,1.0,82
@BBC,Fri Oct 05 00:31:44 +0000 2018,"RT @BBC: The pika might just be the world's cutest thief! 
#WorldAnimalDay https://t.co/v8dSKoVYgD",0.1759,0.221,0.184,0.595,83
@BBC,Fri Oct 05 00:31:40 +0000 2018,"RT @BTS__Europe: Now officialy on the @BBC schedule page - @BTS_twt performing on the The Graham Norton Show 

üìÖ Next Friday - 12.10
‚è∞ 23:3‚Ä¶",0.0,0.0,0.0,1.0,84
@BBC,Fri Oct 05 00:31:37 +0000 2018,"RT @BTS__Europe: Now officialy on the @BBC schedule page - @BTS_twt performing on the The Graham Norton Show 

üìÖ Next Friday - 12.10
‚è∞ 23:3‚Ä¶",0.0,0.0,0.0,1.0,85
@BBC,Fri Oct 05 00:31:37 +0000 2018,"RT @Mexican11: Se ve una diferencia en la PORTADA de @hola, TODAV√èA NO tenemos una constancia de que CESAR YA√ëEZ haya pagado para SALIR en‚Ä¶",-0.4466,0.0,0.109,0.891,86
@BBC,Fri Oct 05 00:31:36 +0000 2018,"RT @aaron_magro: @Redmeheart @IsaacKappy @VibeHi @nytimes @BBC Sun Tzu. (@realDonaldTrump)

Never interrupt your enemy when they're making‚Ä¶",-0.7096,0.0,0.282,0.718,87
@BBC,Fri Oct 05 00:31:23 +0000 2018,@WallisKing @JohnHX2 @BBC I agree that #bbcqt should reflect all views. Can we expect Tommy Robinson next week? A b‚Ä¶ https://t.co/yHKl2S3Vq8,0.3612,0.122,0.0,0.878,88
@BBC,Fri Oct 05 00:31:17 +0000 2018,"RT @BBC: üé∂ @BTS_twt is the #KPop band taking over the world and smashing records everywhere. 

Who are they and how did they become so succ‚Ä¶",0.0,0.0,0.0,1.0,89
@BBC,Fri Oct 05 00:31:15 +0000 2018,"RT @BTS__Europe: Now officialy on the @BBC schedule page - @BTS_twt performing on the The Graham Norton Show 

üìÖ Next Friday - 12.10
‚è∞ 23:3‚Ä¶",0.0,0.0,0.0,1.0,90
@BBC,Fri Oct 05 00:31:14 +0000 2018,"RT @BBC: üé∂ @BTS_twt is the #KPop band taking over the world and smashing records everywhere. 

Who are they and how did they become so succ‚Ä¶",0.0,0.0,0.0,1.0,91
@BBC,Fri Oct 05 00:31:08 +0000 2018,"RT @BBC: üé∂ @BTS_twt is the #KPop band taking over the world and smashing records everywhere. 

Who are they and how did they become so succ‚Ä¶",0.0,0.0,0.0,1.0,92
@BBC,Fri Oct 05 00:31:05 +0000 2018,"RT @BBC: üé∂ @BTS_twt is the #KPop band taking over the world and smashing records everywhere. 

Who are they and how did they become so succ‚Ä¶",0.0,0.0,0.0,1.0,93
@BBC,Fri Oct 05 00:30:59 +0000 2018,"Schrek, the mini series. A time travel back to his jungle roots.

@Disney what could go wrong. At least we have @BBC https://t.co/ehO3ZNb84G",-0.4767,0.0,0.129,0.871,94
@BBC,Fri Oct 05 00:30:55 +0000 2018,"RT @BTS__Europe: Now officialy on the @BBC schedule page - @BTS_twt performing on the The Graham Norton Show 

üìÖ Next Friday - 12.10
‚è∞ 23:3‚Ä¶",0.0,0.0,0.0,1.0,95
@BBC,Fri Oct 05 00:30:52 +0000 2018,RT @RealRapman: BBC 1 news @bbc #shirosstory üôèüèæ https://t.co/kRgJn4MVqc,0.0,0.0,0.0,1.0,96
@BBC,Fri Oct 05 00:30:51 +0000 2018,"RT @aaron_magro: @Redmeheart @IsaacKappy @VibeHi @nytimes @BBC Sun Tzu. (@realDonaldTrump)

Never interrupt your enemy when they're making‚Ä¶",-0.7096,0.0,0.282,0.718,97
@BBC,Fri Oct 05 00:30:50 +0000 2018,"RT @PeteWishart: Surely, surely, @bbcquestiontime can not ignore the third party of Parliament  next week when it is our conference? I mean‚Ä¶",0.8628,0.384,0.0,0.616,98
@BBC,Fri Oct 05 00:30:42 +0000 2018,"RT @BBC: üé∂ @BTS_twt is the #KPop band taking over the world and smashing records everywhere. 

Who are they and how did they become so succ‚Ä¶",0.0,0.0,0.0,1.0,99
@CBSNews,Fri Oct 05 00:37:29 +0000 2018,@CBSNews @ChuckGrassley Mitch McConnell needs to go,0.0,0.0,0.0,1.0,0
@CBSNews,Fri Oct 05 00:37:27 +0000 2018,"RT @CBSNews: John Paul Stevens says Brett Kavanaugh shouldn't be on the Supreme Court after his ""performance in the hearings"" https://t.co/‚Ä¶",0.5574,0.153,0.0,0.847,1
@CBSNews,Fri Oct 05 00:37:20 +0000 2018,@CBSEveningNews @nancycordes Implying that @SenateDems don‚Äôt have electricity? The WH doesn‚Äôt have available lighti‚Ä¶ https://t.co/lfYh46DSC1,0.0,0.0,0.0,1.0,2
@CBSNews,Fri Oct 05 00:37:19 +0000 2018,@CBSNews We're fired up! We won't take it no more! Confirm now!,-0.5556,0.115,0.274,0.611,3
@CBSNews,Fri Oct 05 00:37:08 +0000 2018,"RT @CBSNews: Anti-Kavanaugh protesters take over Senate building, Amy Schumer among those detained https://t.co/AssMs1leog https://t.co/9YW‚Ä¶",-0.5574,0.0,0.261,0.739,4
@CBSNews,Fri Oct 05 00:37:04 +0000 2018,@CBSNews https://t.co/yIgl26NhBY,0.0,0.0,0.0,1.0,5
@CBSNews,Fri Oct 05 00:37:00 +0000 2018,@CBSNews It's like dumping chum for the sharks.,0.0516,0.231,0.213,0.556,6
@CBSNews,Fri Oct 05 00:36:53 +0000 2018,"RT @CBSNews: Kavanaugh fight rallies GOP ahead of midterms: ""It's like pouring gasoline on the base"" https://t.co/jwT7VIaYke https://t.co/1‚Ä¶",-0.0258,0.118,0.123,0.758,7
@CBSNews,Fri Oct 05 00:36:52 +0000 2018,"RT @CBSNews: Kavanaugh fight rallies GOP ahead of midterms: ""It's like pouring gasoline on the base"" https://t.co/jwT7VIaYke https://t.co/1‚Ä¶",-0.0258,0.118,0.123,0.758,8
@CBSNews,Fri Oct 05 00:36:48 +0000 2018,RT @alley167: @CBSNews @SenSchumer This is ludicrous. FORD &amp; KAVANAUGH was put on public display 2 solid days you don't care about the trut‚Ä¶,-0.5466,0.06,0.192,0.748,9
@CBSNews,Fri Oct 05 00:36:48 +0000 2018,@CBSNews Good thing we don't still have him on there!  Don't care what he says &amp; glad he's gone!,0.5935,0.258,0.105,0.637,10
@CBSNews,Fri Oct 05 00:36:43 +0000 2018,"RT @Mad_Dog_609: @CBSNews Mean while, normal productive citizens are working and don't have time for this garbage.",0.0,0.0,0.0,1.0,11
@CBSNews,Fri Oct 05 00:36:21 +0000 2018,"@filterfreeme2 @CBSNews Laws were broke, statue of limitations apply. Read it again. And, please note that our pres‚Ä¶ https://t.co/xxXYndv9Ga",-0.128,0.104,0.127,0.769,12
@CBSNews,Fri Oct 05 00:36:21 +0000 2018,@TomCottonAR @realDonaldTrump @Hannity @JesseBWatters @ChuckGrassley @Jim_Jordan @HouseDemocrats @SenateDems‚Ä¶ https://t.co/he7MoHYkzs,0.0,0.0,0.0,1.0,13
@CBSNews,Fri Oct 05 00:36:15 +0000 2018,"RT @CBSNews: Winery loses 8,000 gallons of prosecco after fermentation tank explodes https://t.co/CB3q8kXQLm https://t.co/GVREhL6D60",-0.3182,0.0,0.15,0.85,14
@CBSNews,Fri Oct 05 00:36:08 +0000 2018,"RT @CBSNews: Kavanaugh fight rallies GOP ahead of midterms: ""It's like pouring gasoline on the base"" https://t.co/jwT7VIaYke https://t.co/1‚Ä¶",-0.0258,0.118,0.123,0.758,15
@CBSNews,Fri Oct 05 00:36:07 +0000 2018,"RT @SophieInCT: Anti-Kavanaugh protestors marching towards the Supreme Court now. 
Hey @cnn @msnbc @abcnews @CBSNews @NBCNews Feel free to‚Ä¶",0.7845,0.289,0.0,0.711,16
@CBSNews,Fri Oct 05 00:36:05 +0000 2018,"RT @CBSNews: Kavanaugh fight rallies GOP ahead of midterms: ""It's like pouring gasoline on the base"" https://t.co/jwT7VIaYke https://t.co/1‚Ä¶",-0.0258,0.118,0.123,0.758,17
@CBSNews,Fri Oct 05 00:36:02 +0000 2018,@CBSNews I guess we'll see,0.0,0.0,0.0,1.0,18
@CBSNews,Fri Oct 05 00:35:59 +0000 2018,RT @Lisa618: Shelter Reform needed at Town of Hempstead Animal Shelter: Listen to this video &amp; please R/T üíúüíúüêæ Media Coverage @News12LI @FiO‚Ä¶,0.3182,0.095,0.0,0.905,19
@CBSNews,Fri Oct 05 00:35:49 +0000 2018,"RT @CBSNews: Kavanaugh fight rallies GOP ahead of midterms: ""It's like pouring gasoline on the base"" https://t.co/jwT7VIaYke https://t.co/1‚Ä¶",-0.0258,0.118,0.123,0.758,20
@CBSNews,Fri Oct 05 00:35:32 +0000 2018,@ramona120231 @CBSNews And you forgot make them work... have to pay less taxes.... secure our border.... and defini‚Ä¶ https://t.co/4Vy0fxRFsA,0.1832,0.103,0.068,0.828,21
@CBSNews,Fri Oct 05 00:35:32 +0000 2018,"@repyorg @CBSNews As if it's so hard to add one word. ""Deliver her BABY""",-0.2183,0.0,0.126,0.874,22
@CBSNews,Fri Oct 05 00:35:30 +0000 2018,"RT @Mr_Universe2017: @CBSNews America has spoken
Women have spoken

Will @SenatorCollins @lisamurkowski and @JeffFlake listen?

#StopKavana‚Ä¶",0.0,0.0,0.0,1.0,23
@CBSNews,Fri Oct 05 00:35:30 +0000 2018,"RT @CBSNews: Kavanaugh fight rallies GOP ahead of midterms: ""It's like pouring gasoline on the base"" https://t.co/jwT7VIaYke https://t.co/1‚Ä¶",-0.0258,0.118,0.123,0.758,24
@CBSNews,Fri Oct 05 00:35:24 +0000 2018,"RT @CBSNews: HAPPENING NOW: Pres. Trump rallies supporters in Minnesota, as senators in Washington edge closer to confirming his embattled‚Ä¶",0.4404,0.132,0.0,0.868,25
@CBSNews,Fri Oct 05 00:35:20 +0000 2018,@AIIAmericanGirI @realDailyWire Her &amp; Kavanaugh had already been interviewed. Her attorneys are no brighter than th‚Ä¶ https://t.co/LT6Ya4fX4W,0.1027,0.131,0.111,0.758,26
@CBSNews,Fri Oct 05 00:35:14 +0000 2018,@CBSNews @ChuckGrassley Funny but you sure the hell didn‚Äôt feel like doing things the respectable way when Obama no‚Ä¶ https://t.co/70ws0DyVl4,0.5574,0.359,0.192,0.449,27
@CBSNews,Fri Oct 05 00:35:03 +0000 2018,"RT @CBSNews: Anti-Kavanaugh protesters take over Senate building, Amy Schumer among those detained https://t.co/AssMs1leog https://t.co/9YW‚Ä¶",-0.5574,0.0,0.261,0.739,28
@CBSNews,Fri Oct 05 00:35:03 +0000 2018,RT @alley167: @CBSNews @SenSchumer This is ludicrous. FORD &amp; KAVANAUGH was put on public display 2 solid days you don't care about the trut‚Ä¶,-0.5466,0.06,0.192,0.748,29
@CBSNews,Fri Oct 05 00:35:01 +0000 2018,@CBSNews ‚ÄúDETAINED‚Äù. How come they were not arrested and booked?,0.3724,0.221,0.0,0.779,30
@CBSNews,Fri Oct 05 00:34:49 +0000 2018,@mshoo87 @yoTUCKER @CBSNews https://t.co/0Gg2zsYEss,0.0,0.0,0.0,1.0,31
@CBSNews,Fri Oct 05 00:34:35 +0000 2018,@CBSNews What your former boss that would be prosecute for sexual assault?  Oh that ok with YOU FOOLS ISN‚ÄôT IT?,-0.8622,0.076,0.372,0.552,32
@CBSNews,Fri Oct 05 00:34:32 +0000 2018,"RT @CBSNews: Anti-Kavanaugh protesters take over Senate building, Amy Schumer among those detained https://t.co/AssMs1leog https://t.co/9YW‚Ä¶",-0.5574,0.0,0.261,0.739,33
@CBSNews,Fri Oct 05 00:34:31 +0000 2018,RT @collycute2: @AmbaPikin @RepKarenBass @judithnwana @CNNAfrica @BBCAfrica @FoxNews @nytimes @VOAAfrica @MSNBC @CBCNews @IndianExpress @Sk‚Ä¶,0.0,0.0,0.0,1.0,34
@CBSNews,Fri Oct 05 00:34:30 +0000 2018,"RT @CBSNews: Anti-Kavanaugh protesters take over Senate building, Amy Schumer among those detained https://t.co/AssMs1leog https://t.co/9YW‚Ä¶",-0.5574,0.0,0.261,0.739,35
@CBSNews,Fri Oct 05 00:34:29 +0000 2018,@CBSNews @SenSchumer And she did not remember when where does not fly (LIE)  so no confirmed wittiness to her story how is she credible ü§†,-0.4341,0.0,0.111,0.889,36
@CBSNews,Fri Oct 05 00:34:27 +0000 2018,"RT @AmbaPikin: @RepKarenBass @judithnwana Add a voice! #SouthernCameroons
@CNNAfrica @BBCAfrica @FoxNews @nytimes @VOAAfrica @MSNBC @CBCNew‚Ä¶",0.0,0.0,0.0,1.0,37
@CBSNews,Fri Oct 05 00:34:27 +0000 2018,@CBSNews Lock Amy up,0.0,0.0,0.0,1.0,38
@CBSNews,Fri Oct 05 00:34:15 +0000 2018,"@wordsanddeeds2 @CBSNews As if CBS and 90% of the media aren't left-leaning. Again, if you don't see that, I can't help you.",-0.3089,0.0,0.101,0.899,39
@CBSNews,Fri Oct 05 00:34:10 +0000 2018,"RT @SophieInCT: Anti-Kavanaugh protestors marching towards the Supreme Court now. 
Hey @cnn @msnbc @abcnews @CBSNews @NBCNews Feel free to‚Ä¶",0.7845,0.289,0.0,0.711,40
@CBSNews,Fri Oct 05 00:33:54 +0000 2018,"@CBSNews CBS is still comfortable amplifying misogynistic BULLSHIT?? 
VERY ON BRAND, CBS. #LesMoonves",-0.3804,0.172,0.255,0.573,41
@CBSNews,Fri Oct 05 00:33:47 +0000 2018,@wordsanddeeds2 @CBSNews Google it's public records. It's all over the place. I can't help you beyond that. PS - I'‚Ä¶ https://t.co/S0SVw0v1PG,-0.3089,0.0,0.111,0.889,42
@CBSNews,Fri Oct 05 00:33:43 +0000 2018,"RT @CBSNews: Anti-Kavanaugh protesters take over Senate building, Amy Schumer among those detained https://t.co/AssMs1leog https://t.co/9YW‚Ä¶",-0.5574,0.0,0.261,0.739,43
@CBSNews,Fri Oct 05 00:33:31 +0000 2018,RT @CBSNews: Toys R Us comeback in works as bankruptcy auction canceled https://t.co/vwIwyOW9pA https://t.co/c5TrId3LXi,0.0,0.0,0.0,1.0,44
@CBSNews,Fri Oct 05 00:33:24 +0000 2018,@CBSNews Was a disgusting group of evil people.,-0.8316,0.0,0.609,0.391,45
@CBSNews,Fri Oct 05 00:33:13 +0000 2018,"RT @CBSNews: Anti-Kavanaugh protesters take over Senate building, Amy Schumer among those detained https://t.co/AssMs1leog https://t.co/9YW‚Ä¶",-0.5574,0.0,0.261,0.739,46
@CBSNews,Fri Oct 05 00:33:11 +0000 2018,@NoHighwayOption @CBSNews Interesting. That would explain some things.,0.4019,0.278,0.0,0.722,47
@CBSNews,Fri Oct 05 00:33:07 +0000 2018,"RT @CBSNews: John Paul Stevens says Brett Kavanaugh shouldn't be on the Supreme Court after his ""performance in the hearings"" https://t.co/‚Ä¶",0.5574,0.153,0.0,0.847,48
@CBSNews,Fri Oct 05 00:32:55 +0000 2018,@Kellie82761170 @CBSNews @DavidBegnaud the running is common...ending up dead is not,-0.6486,0.0,0.301,0.699,49
@CBSNews,Fri Oct 05 00:32:40 +0000 2018,"RT @CBSNews: Anti-Kavanaugh protesters take over Senate building, Amy Schumer among those detained https://t.co/AssMs1leog https://t.co/9YW‚Ä¶",-0.5574,0.0,0.261,0.739,50
@CBSNews,Fri Oct 05 00:32:34 +0000 2018,@CBSNews Yeah we need to back women like Any Schumer and Emily Ratajkowsky! I want Amy to teach our daughters to dr‚Ä¶ https://t.co/hL6Fadaebh,0.6476,0.249,0.0,0.751,51
@CBSNews,Fri Oct 05 00:32:26 +0000 2018,@GH23 @CBSNews RealClearPolitics is a right wing publication.  If you consistantly base your opinions on such views‚Ä¶ https://t.co/KrwBwinvbo,0.0,0.0,0.0,1.0,52
@CBSNews,Fri Oct 05 00:32:24 +0000 2018,"RT @CBSNews: John Paul Stevens says Brett Kavanaugh shouldn't be on the Supreme Court after his ""performance in the hearings"" https://t.co/‚Ä¶",0.5574,0.153,0.0,0.847,53
@CBSNews,Fri Oct 05 00:32:23 +0000 2018,"Calling all women, and those of us that have been abused! Get out now get photo ID and go out and vote against thes‚Ä¶ https://t.co/6iZOdYNijt",-0.5562,0.0,0.13,0.87,54
@CBSNews,Fri Oct 05 00:32:19 +0000 2018,#FakeNewsMedia @ABC @CBSNews @NBCNews @CNBC @CNN @SenateDems @SenateGOP @HouseDemocrats @HouseGOP @SenateMajLdr‚Ä¶ https://t.co/v6KxcoBs4N,0.0,0.0,0.0,1.0,55
@CBSNews,Fri Oct 05 00:32:15 +0000 2018,"RT @CBSNews: John Paul Stevens says Brett Kavanaugh shouldn't be on the Supreme Court after his ""performance in the hearings"" https://t.co/‚Ä¶",0.5574,0.153,0.0,0.847,56
@CBSNews,Fri Oct 05 00:31:55 +0000 2018,Remember these men they want to tell U what to do with ur body and they need kavanaugh to do. @lisamurkowski‚Ä¶ https://t.co/8WidsjF9gx,0.0772,0.061,0.0,0.939,57
@CBSNews,Fri Oct 05 00:31:51 +0000 2018,RT @YaaYaaWhat: @LindaMarkss @SteveK77851442 @realDonaldTrump @CNN @foxandfriends @NBCNews @washingtonpost @CBSNews @nytimes And thats prob‚Ä¶,0.0,0.0,0.0,1.0,58
@CBSNews,Fri Oct 05 00:31:36 +0000 2018,@JessieFlagg1 @CBSNews I was just curious as to the tone of her statements about him. I agree that neither was nece‚Ä¶ https://t.co/6HJQtDRKTs,0.5859,0.211,0.0,0.789,59
@CBSNews,Fri Oct 05 00:31:33 +0000 2018,@CBSNews https://t.co/G0iGmVHdor,0.0,0.0,0.0,1.0,60
@CBSNews,Fri Oct 05 00:31:30 +0000 2018,"@CBSNews I couldn't make sense of the pic at first. His back leg is on left &amp; his tail is curved, bottom right. -E",0.0,0.0,0.0,1.0,61
@CBSNews,Fri Oct 05 00:31:25 +0000 2018,@CBSThisMorning @CBSNews @biannagolodryga @GayleKing @NorahODonnell @jdickerson John don‚Äôt go away mad John just go‚Ä¶ https://t.co/yVTIXqd2xg,-0.4939,0.0,0.186,0.814,62
@CBSNews,Fri Oct 05 00:31:10 +0000 2018,"RT @CBSNews: Anti-Kavanaugh protesters take over Senate building, Amy Schumer among those detained https://t.co/AssMs1leog https://t.co/9YW‚Ä¶",-0.5574,0.0,0.261,0.739,63
@CBSNews,Fri Oct 05 00:31:06 +0000 2018,RT @CBSNews: Missing dog found clinging to pipe above 8-foot pit of water in New Jersey https://t.co/89jTmUFSbe https://t.co/C5zQh5ldVH,-0.296,0.0,0.115,0.885,64
@CBSNews,Fri Oct 05 00:31:00 +0000 2018,@CBSNews @carol_NC66 Blah blah blah. Always everyone else‚Äôs fault besides the Tony hand orange slug. They‚Äôre all fu‚Ä¶ https://t.co/LekmYsVhq7,-0.1779,0.133,0.286,0.581,65
@CBSNews,Fri Oct 05 00:30:55 +0000 2018,RT @DavidBegnaud: Here is the live running blog of updates from @CBSNews about the 5 law enforcement officers who were shot late this after‚Ä¶,0.0,0.0,0.0,1.0,66
@CBSNews,Fri Oct 05 00:30:49 +0000 2018,"@RNRLouisiana @DrMartyFox @CBSNews @CaptClayHiggins First one to fail, Maxine Waters, then Nancy Pelosi.",-0.5423,0.0,0.226,0.774,67
@CBSNews,Fri Oct 05 00:30:31 +0000 2018,RT @MasonRaeDixon: Ready 2 see #Kavanaugh sexual assault &amp; harassment victims file police reports 1st thing tomorrow morning &amp; notify press‚Ä¶,-0.7964,0.089,0.342,0.569,68
@CBSNews,Fri Oct 05 00:30:30 +0000 2018,"RT @CBSNews: Anti-Kavanaugh protesters take over Senate building, Amy Schumer among those detained https://t.co/AssMs1leog https://t.co/9YW‚Ä¶",-0.5574,0.0,0.261,0.739,69
@CBSNews,Fri Oct 05 00:30:27 +0000 2018,"RT @CBSNews: All Palm Beach County, Florida, beaches closed over red tide health concerns https://t.co/1br123i9MX https://t.co/9U3noQ77mU",0.0,0.0,0.0,1.0,70
@CBSNews,Fri Oct 05 00:30:19 +0000 2018,"Attacking pork.

https://t.co/uhtH8zHFxV via @cbsnews",-0.4588,0.0,0.429,0.571,71
@CBSNews,Fri Oct 05 00:30:16 +0000 2018,@ginger_culchie @nickshep7777 @lkkaiser @CBSNews The article that made these allegations is a german news source th‚Ä¶ https://t.co/1LXobRnJwF,0.0,0.0,0.0,1.0,72
@CBSNews,Fri Oct 05 00:30:12 +0000 2018,"RT @CBSNews: ""This is almost rock-bottom. I would like to have the future of mending things so that we can do things in a collegial way tha‚Ä¶",0.3041,0.085,0.0,0.915,73
@CBSNews,Fri Oct 05 00:30:09 +0000 2018,@yoTUCKER @CBSNews @TaraMcFarling1 A moment of silence on this sad occasion üòî,-0.561,0.0,0.287,0.713,74
@CBSNews,Fri Oct 05 00:30:06 +0000 2018,@CovfefusMaximus @CBSNews And double-gloves for the cavity search.,0.0,0.0,0.0,1.0,75
@CBSNews,Fri Oct 05 00:30:04 +0000 2018,"RT @CBSNews: Anti-Kavanaugh protesters take over Senate building, Amy Schumer among those detained https://t.co/AssMs1leog https://t.co/9YW‚Ä¶",-0.5574,0.0,0.261,0.739,76
@CBSNews,Fri Oct 05 00:30:00 +0000 2018,@OnlyInTheGame @CBSNews No such thing as a patriotic dem. That party left ya.,0.128,0.181,0.148,0.671,77
@CBSNews,Fri Oct 05 00:29:50 +0000 2018,"RT @CBSNews: Anti-Kavanaugh protesters take over Senate building, Amy Schumer among those detained https://t.co/AssMs1leog https://t.co/9YW‚Ä¶",-0.5574,0.0,0.261,0.739,78
@CBSNews,Fri Oct 05 00:29:47 +0000 2018,RT @bantyranny: @AP @MSNBC @StarTribune @EFEnoticias @BBCWorld @CBSNews @Telemundo @UnivisionNews @nytimes @Reuters @CNN @impreMedia @latim‚Ä¶,0.0,0.0,0.0,1.0,79
@CBSNews,Fri Oct 05 00:29:45 +0000 2018,RT @CBSNews: HEARTWARMING: A teacher breaks down in tears after the mother of a student buys her a car so she can get to work every day.‚Ä¶,0.4466,0.138,0.069,0.793,80
@CBSNews,Fri Oct 05 00:29:31 +0000 2018,"#China has a copy since all #chicom-made server quipment have the spy chip. 
#MAGA #Kavanaugh‚Ä¶ https://t.co/ZaeY3WpgtK",0.0,0.0,0.0,1.0,81
@CBSNews,Fri Oct 05 00:29:30 +0000 2018,"@maddow @CNN @CBSNews @NBCNews @MSNBC 

Can someone find out what BKs grades and test scores were?  Were they good‚Ä¶ https://t.co/vvKWXXihrN",0.0,0.0,0.0,1.0,82
@CBSNews,Fri Oct 05 00:29:23 +0000 2018,"RT @CBSNews: Anti-Kavanaugh protesters take over Senate building, Amy Schumer among those detained https://t.co/AssMs1leog https://t.co/9YW‚Ä¶",-0.5574,0.0,0.261,0.739,83
@CBSNews,Fri Oct 05 00:29:10 +0000 2018,"RT @CBSNews: INCREDIBLE: People are ""falling"" in love with these colorful autumn leaves captured by a drone flying high above Utah's Ogden‚Ä¶",0.6369,0.174,0.0,0.826,84
@CBSNews,Fri Oct 05 00:29:10 +0000 2018,Ready 2 see #Kavanaugh sexual assault &amp; harassment victims file police reports 1st thing tomorrow morning &amp; notify‚Ä¶ https://t.co/Mv8rdxuCg9,-0.7964,0.096,0.368,0.536,85
@CBSNews,Fri Oct 05 00:28:41 +0000 2018,RT @LoRiLyNn509: Please don‚Äôt forget about my niece Sam‚ù§Ô∏èSam is still missing from a day #hike on Vesper Peak in #WA state. Kevin is still‚Ä¶,-0.2023,0.084,0.15,0.766,86
@CBSNews,Fri Oct 05 00:28:23 +0000 2018,"RT @CBSNews: Anti-Kavanaugh protesters take over Senate building, Amy Schumer among those detained https://t.co/AssMs1leog https://t.co/9YW‚Ä¶",-0.5574,0.0,0.261,0.739,87
@CBSNews,Fri Oct 05 00:28:10 +0000 2018,"RT @CBSNews: Anti-Kavanaugh protesters take over Senate building, Amy Schumer among those detained https://t.co/AssMs1leog https://t.co/9YW‚Ä¶",-0.5574,0.0,0.261,0.739,88
@CBSNews,Fri Oct 05 00:28:10 +0000 2018,RT @ivotedmovie: @CBSNews report on how voting machines can be hacked. @jennycohn1 @MarilynRMarks1 @mjoehlerich @toddcarey @jhalderm @Verif‚Ä¶,-0.4019,0.0,0.144,0.856,89
@CBSNews,Fri Oct 05 00:28:04 +0000 2018,RT @CBSNews: RESCUING ROSCO: A family thought their little dog was lost forever ‚Äì then workers at a nearby water plant heard barking coming‚Ä¶,-0.2585,0.0,0.092,0.908,90
@CBSNews,Fri Oct 05 00:28:04 +0000 2018,@realDonoIdTromp @Seanyx3Devorah @realDonaldTrump @GOP @SenateGOP @HouseGOP @WhiteHouse @VP @FLOTUS @IvankaTrump‚Ä¶ https://t.co/sMZvIQZ7Ny,0.0,0.0,0.0,1.0,91
@CBSNews,Fri Oct 05 00:27:54 +0000 2018,"SO THIS IS HOW KAVANAUGH
TREATS ATTORNEYS &amp; CIVILIANS WHEN THEY'RE IN HIS COURTROOM?
FUCKING INCREDIBLY SCARY!‚Ä¶ https://t.co/u6zK9puSeE",0.0,0.0,0.0,1.0,92
@CBSNews,Fri Oct 05 00:27:49 +0000 2018,@MSNBC @NBCNews @CBSNews @FoxNews @ABC https://t.co/rDeLPlXC3A,0.0,0.0,0.0,1.0,93
@CBSNews,Fri Oct 05 00:27:49 +0000 2018,@CBSNews @herb_bird,0.0,0.0,0.0,1.0,94
@CBSNews,Fri Oct 05 00:27:47 +0000 2018,"@NBCNews @ABC @CBSNews Hope I am wrong but, @realDonaldTrump ; @senatemajldr @SpeakerRyan &amp; Gang will rape a whole‚Ä¶ https://t.co/Rxxm7CySfH",-0.8248,0.083,0.365,0.552,95
@CBSNews,Fri Oct 05 00:27:34 +0000 2018,"RT @Mr_Universe2017: @CBSNews America has spoken
Women have spoken

Will @SenatorCollins @lisamurkowski and @JeffFlake listen?

#StopKavana‚Ä¶",0.0,0.0,0.0,1.0,96
@CBSNews,Fri Oct 05 00:27:25 +0000 2018,"RT @CBSNews: Anti-Kavanaugh protesters take over Senate building, Amy Schumer among those detained https://t.co/AssMs1leog https://t.co/9YW‚Ä¶",-0.5574,0.0,0.261,0.739,97
@CBSNews,Fri Oct 05 00:27:22 +0000 2018,@abcnews @NBCNews @CBSNews @CNN @axios https://t.co/RNyDn75DiG,0.0,0.0,0.0,1.0,98
@CBSNews,Fri Oct 05 00:27:21 +0000 2018,"RT @RNRLouisiana: GOP lawmaker wants members of Congress to be drug tested. #lalege

https://t.co/k4TFbLOv0Q via @CBSNews @CaptClayHiggins",0.0,0.0,0.0,1.0,99
@CNN,Fri Oct 05 00:37:30 +0000 2018,@TylersOH @CNN Says the man with an obsession with trolling. Lol. Tell me more oh enlightened one.,0.5965,0.277,0.106,0.617,0
@CNN,Fri Oct 05 00:37:29 +0000 2018,.@CNN's covers up the party affiliation of Dem staffer who doxxed Senate Republicans during Kavanaugh hearing #TTT https://t.co/9qDPdKvXnb,0.4019,0.137,0.0,0.863,1
@CNN,Fri Oct 05 00:37:29 +0000 2018,RT @CNN: Retired Supreme Court Justice John Paul Stevens said SCOTUS nominee Brett Kavanaugh does not belong on the nation's highest court:‚Ä¶,0.7906,0.259,0.0,0.741,2
@CNN,Fri Oct 05 00:37:28 +0000 2018,@CNN Kind of scary that people had their minds made up beforehand. Then what the hell was the point of the investigation?,-0.8316,0.0,0.281,0.719,3
@CNN,Fri Oct 05 00:37:27 +0000 2018,"RT @CNN: This Paris park, home to horse riding schools and a zoo, has a dark side. It's where Nigerian women are forced into prostitution b‚Ä¶",-0.4588,0.0,0.115,0.885,4
@CNN,Fri Oct 05 00:37:25 +0000 2018,"RT @RandPaul: A letter from my wife, @KelleyAshbyPaul ‚ÄúMy husband, Rand Paul, and our family have suffered intimidation and threats...@CNN‚Ä¶",-0.7184,0.0,0.261,0.739,5
@CNN,Fri Oct 05 00:37:25 +0000 2018,"RT @CNN: Why North Dakota Sen. Heidi Heitkamp's ""no"" vote on Kavanaugh could make political sense https://t.co/ejtrdPLYtu https://t.co/VGjH‚Ä¶",0.0,0.0,0.0,1.0,6
@CNN,Fri Oct 05 00:37:24 +0000 2018,"RT @CNN: Albert Einstein's famous ""God Letter"" is expected to fetch at least $1 million when it goes up for auction in December https://t.c‚Ä¶",0.2732,0.084,0.0,0.916,7
@CNN,Fri Oct 05 00:37:24 +0000 2018,"@RVAwonk @CNN Hey, look!  Another lie!  Maybe we should rename it the White Lie House.",0.0,0.0,0.0,1.0,8
@CNN,Fri Oct 05 00:37:19 +0000 2018,"@_rxdoc @CNN Rxdox, I hear you‚Äôre a a child rapist. No proof of that, but hey, only the allegation is needed, right?",-0.5499,0.0,0.211,0.789,9
@CNN,Fri Oct 05 00:37:18 +0000 2018,"RT @RandPaul: A letter from my wife, @KelleyAshbyPaul ‚ÄúMy husband, Rand Paul, and our family have suffered intimidation and threats...@CNN‚Ä¶",-0.7184,0.0,0.261,0.739,10
@CNN,Fri Oct 05 00:37:18 +0000 2018,@amber_athey @CNN üëç,0.0,0.0,0.0,1.0,11
@CNN,Fri Oct 05 00:37:18 +0000 2018,"RT @RVAwonk: Per @CNN, Dr. Christine Blasey Ford's attorneys have confirmed that the FBI concluded its investigation without interviewing F‚Ä¶",0.0,0.0,0.0,1.0,12
@CNN,Fri Oct 05 00:37:17 +0000 2018,@CNN He was being accused of being a serial rapist. Exactly what type of reaction were you expecting?,-0.7964,0.0,0.321,0.679,13
@CNN,Fri Oct 05 00:37:17 +0000 2018,RT @CNN: Retired Supreme Court Justice John Paul Stevens said SCOTUS nominee Brett Kavanaugh does not belong on the nation's highest court:‚Ä¶,0.7906,0.259,0.0,0.741,14
@CNN,Fri Oct 05 00:37:17 +0000 2018,"RT @RVAwonk: WH Deputy Press Secretary Raj Shah just told @CNN that Kavanaugh doesn't known Deborah Ramirez and has never spoken to her.

.‚Ä¶",0.0,0.0,0.0,1.0,15
@CNN,Fri Oct 05 00:37:16 +0000 2018,"Complaints filled against DR. Allen Steere!

‚Å¶@CNN‚Å© ‚Å¶‚Å¶‚Å¶‚Å¶‚Å¶@MassGeneralNews‚Å© @FoxNews‚Å© ‚Å¶@AltUSDOJ‚Å© 
Time to investiga‚Ä¶ https://t.co/RBHXz0PFfP",-0.4574,0.0,0.187,0.813,16
@CNN,Fri Oct 05 00:37:13 +0000 2018,"RT @CNN: Albert Einstein's famous ""God Letter"" is expected to fetch at least $1 million when it goes up for auction in December https://t.c‚Ä¶",0.2732,0.084,0.0,0.916,17
@CNN,Fri Oct 05 00:37:12 +0000 2018,"RT @Navy_Lady_45: @CNN üö®üö®üö®URGENT:  ALL #Republicans &amp; #TrumpSupporters

Stay away from all Anti-Kavanaugh protesters in your area.  They wi‚Ä¶",-0.2263,0.0,0.095,0.905,18
@CNN,Fri Oct 05 00:37:12 +0000 2018,@ColdFuentes @CNN Lol!,0.4753,0.607,0.0,0.393,19
@CNN,Fri Oct 05 00:37:11 +0000 2018,"@CNN Hence why many see that there are many in politics that do not care if things are truth or not, if the report‚Ä¶ https://t.co/GMnLH7Acyg",-0.0844,0.082,0.094,0.824,20
@CNN,Fri Oct 05 00:37:10 +0000 2018,RT @honoraryamerica: @CNN These are different times and these were offensive allegations.  He has a right to be angry and to fight back.  H‚Ä¶,-0.836,0.0,0.308,0.692,21
@CNN,Fri Oct 05 00:37:10 +0000 2018,@CNN Not a Tern was left unstoned,0.0,0.0,0.0,1.0,22
@CNN,Fri Oct 05 00:37:09 +0000 2018,@amber_athey @musicaljane1 @CNN Wow !!!,0.6884,0.539,0.0,0.461,23
@CNN,Fri Oct 05 00:37:09 +0000 2018,"Judge Kavanaugh also believes the President's authority to pardon or choose not to investigate crimes is ""absolute""‚Ä¶ https://t.co/8JaSNmtyRK",0.3818,0.184,0.0,0.816,24
@CNN,Fri Oct 05 00:37:08 +0000 2018,@OutFrontCNN @CNN Good!!,0.5399,0.635,0.0,0.365,25
@CNN,Fri Oct 05 00:37:08 +0000 2018,RT @Glazetron: tell us again the arena isn't packed @CNN @MSNBC @ABC @NBC @nytimes @washingtonpost &amp; all you other fake news orgs out there‚Ä¶,-0.4767,0.0,0.119,0.881,26
@CNN,Fri Oct 05 00:37:08 +0000 2018,"RT @RealMAGASteve: Ted Koppel with an epic take-down of @CNN and @BrianStelter 

Koppel: ‚ÄúYou would be lost without @realDonaldTrump. CNN‚Äôs‚Ä¶",-0.3182,0.0,0.108,0.892,27
@CNN,Fri Oct 05 00:37:07 +0000 2018,"@CNN Wow.  36 out of the 55,000,000 or so deaths every year.  Super important reporting there.",0.8591,0.422,0.0,0.578,28
@CNN,Fri Oct 05 00:37:06 +0000 2018,RT @CNN: Nebraska Republican Sen. Ben Sasse: 'I urged President Trump to nominate a woman' to the Supreme Court in June before Kavanaugh wa‚Ä¶,0.5574,0.141,0.0,0.859,29
@CNN,Fri Oct 05 00:37:06 +0000 2018,"RT @RVAwonk: Per @CNN, Dr. Christine Blasey Ford's attorneys have confirmed that the FBI concluded its investigation without interviewing F‚Ä¶",0.0,0.0,0.0,1.0,30
@CNN,Fri Oct 05 00:37:05 +0000 2018,@CNN Nelson is an old political hack that deserves to be sent to the old folks home where he can sit around and jab‚Ä¶ https://t.co/Lr2iFoWx70,0.0,0.0,0.0,1.0,31
@CNN,Fri Oct 05 00:37:03 +0000 2018,RT @Glazetron: tell us again the arena isn't packed @CNN @MSNBC @ABC @NBC @nytimes @washingtonpost &amp; all you other fake news orgs out there‚Ä¶,-0.4767,0.0,0.119,0.881,32
@CNN,Fri Oct 05 00:37:02 +0000 2018,"RT @MidwesternMama2: @AC360 @CNN 2 things wrong here:

1) he was coached my Trump and McGahn to come out swinging.... that was always plann‚Ä¶",-0.4767,0.0,0.124,0.876,33
@CNN,Fri Oct 05 00:37:02 +0000 2018,"RT @RandPaul: A letter from my wife, @KelleyAshbyPaul ‚ÄúMy husband, Rand Paul, and our family have suffered intimidation and threats...@CNN‚Ä¶",-0.7184,0.0,0.261,0.739,34
@CNN,Fri Oct 05 00:37:02 +0000 2018,RT @CNN: GOP Sen. Steve Daines will be out Saturday; the impact on the Kavanaugh vote is unclear https://t.co/pbr9E6c5ww https://t.co/RF9lg‚Ä¶,-0.25,0.0,0.095,0.905,35
@CNN,Fri Oct 05 00:37:01 +0000 2018,"RT @moodysally1: Judge Kavanaugh also believes the President's authority to pardon or choose not to investigate crimes is ""absolute"" #cance‚Ä¶",0.3818,0.167,0.0,0.833,36
@CNN,Fri Oct 05 00:37:01 +0000 2018,"@OutFrontCNN @CNN @KateBolduan As for Democrats their focus was on what they ‚Äúwanted‚Äù to be in it, to be more accurate.",0.0,0.0,0.0,1.0,37
@CNN,Fri Oct 05 00:37:01 +0000 2018,@BigT29682905 @CNN Because he was a good Justice.,0.743,0.558,0.0,0.442,38
@CNN,Fri Oct 05 00:37:00 +0000 2018,@CNN Call the FBI. Interview nine birds. But fail to interview the birds with first-hand knowledge of the drunken b‚Ä¶ https://t.co/C7RS3gw7Ih,-0.5423,0.0,0.149,0.851,39
@CNN,Fri Oct 05 00:37:00 +0000 2018,RT @CNN: Retired Supreme Court Justice John Paul Stevens said SCOTUS nominee Brett Kavanaugh does not belong on the nation's highest court:‚Ä¶,0.7906,0.259,0.0,0.741,40
@CNN,Fri Oct 05 00:36:58 +0000 2018,"RT @RandPaul: A letter from my wife, @KelleyAshbyPaul ‚ÄúMy husband, Rand Paul, and our family have suffered intimidation and threats...@CNN‚Ä¶",-0.7184,0.0,0.261,0.739,41
@CNN,Fri Oct 05 00:36:57 +0000 2018,RT @CNN: Democratic Sen. Jeff Merkley said the FBI's supplemental investigation into allegations of sexual misconduct against Supreme Court‚Ä¶,0.5574,0.167,0.0,0.833,42
@CNN,Fri Oct 05 00:36:56 +0000 2018,"RT @CNN: This is how Ruth Bader Ginsburg, the oldest sitting Supreme Court Justice, stays in shape. She attributes her long career to her f‚Ä¶",0.7906,0.233,0.0,0.767,43
@CNN,Fri Oct 05 00:36:55 +0000 2018,@TammyWr44928470 @CNN That‚Äôs all Washington is is back pedaling individuals,0.0,0.0,0.0,1.0,44
@CNN,Fri Oct 05 00:36:55 +0000 2018,@OutFrontCNN @CNN He‚Äôs an old white man who still thinks his wife needs to have dinner on the table at 5:30pm and h‚Ä¶ https://t.co/t2GWgal1Gh,0.0,0.0,0.0,1.0,45
@CNN,Fri Oct 05 00:36:54 +0000 2018,"RT @RandPaul: A letter from my wife, @KelleyAshbyPaul ‚ÄúMy husband, Rand Paul, and our family have suffered intimidation and threats...@CNN‚Ä¶",-0.7184,0.0,0.261,0.739,46
@CNN,Fri Oct 05 00:36:54 +0000 2018,"@CNN All Eyes: 

Jeff Flake of Arizona, 
Lisa Murkowski of Alaska 
Susan Collins of Maine 
Sen. Joe Manchin of West Virginia",0.0,0.0,0.0,1.0,47
@CNN,Fri Oct 05 00:36:53 +0000 2018,@AC360 @CNN Media bias is pathetic,-0.6249,0.0,0.56,0.44,48
@CNN,Fri Oct 05 00:36:53 +0000 2018,"RT @RVAwonk: WH Deputy Press Secretary Raj Shah just told @CNN that Kavanaugh doesn't known Deborah Ramirez and has never spoken to her.

.‚Ä¶",0.0,0.0,0.0,1.0,49
@CNN,Fri Oct 05 00:36:52 +0000 2018,"RT @Navy_Lady_45: @CNN üö®üö®üö®URGENT:  ALL #Republicans &amp; #TrumpSupporters

Stay away from all Anti-Kavanaugh protesters in your area.  They wi‚Ä¶",-0.2263,0.0,0.095,0.905,50
@CNN,Fri Oct 05 00:36:51 +0000 2018,"RT @CLH111354: @SenatorCollins, @lisamurkowski, @Sen_JoeManchin, @JeffFlake @CNN @washingtonpost @nytimes Retired Supreme Court Justice Joh‚Ä¶",0.7906,0.368,0.0,0.632,51
@CNN,Fri Oct 05 00:36:51 +0000 2018,@TVerlander @jiveDurkey @KateBolduan @CNN Tax breaks went mainly to the rich-breaks for workers is temporary; North‚Ä¶ https://t.co/eTY0T6grzk,0.0,0.0,0.0,1.0,52
@CNN,Fri Oct 05 00:36:50 +0000 2018,"@dougmartin96 @CNN He said repeatedly, ""I'm for whatever you think is best"" the SJC has more investigative power th‚Ä¶ https://t.co/5bnCp6PGg4",0.6369,0.181,0.0,0.819,53
@CNN,Fri Oct 05 00:36:50 +0000 2018,RT @CNN: Hershey has a super secret chocolate lab where all its products get dreamed up. Go inside: https://t.co/qarEkoIhZa https://t.co/9v‚Ä¶,0.5994,0.178,0.0,0.822,54
@CNN,Fri Oct 05 00:36:48 +0000 2018,@amber_athey @CNN I‚Äôve said it before. Comedy Central has more credibility than CNN.,0.3612,0.172,0.0,0.828,55
@CNN,Fri Oct 05 00:36:46 +0000 2018,"RT @RVAwonk: Per @CNN, Dr. Christine Blasey Ford's attorneys have confirmed that the FBI concluded its investigation without interviewing F‚Ä¶",0.0,0.0,0.0,1.0,56
@CNN,Fri Oct 05 00:36:45 +0000 2018,@KSpencer38 @TheLeadCNN @CNN @hilaryr Well said!,0.3382,0.324,0.0,0.676,57
@CNN,Fri Oct 05 00:36:45 +0000 2018,RT @melissa5215: It appears key GOP Senators are off the fence? Indicating possible support for Kavanaugh after viewing FBI report! @realDo‚Ä¶,0.4574,0.13,0.0,0.87,58
@CNN,Fri Oct 05 00:36:45 +0000 2018,"@NahBabyNah @SenFeinstein @CNN @jaketapper Trapper Tapper, his mouth always gets him in a trap ü§Æ",-0.3182,0.0,0.161,0.839,59
@CNN,Fri Oct 05 00:36:45 +0000 2018,"@RVAwonk @CNN #ChristineBlaseyFord is a liar.  @SenFeinstein may be responsible for this sham, she's trying to save‚Ä¶ https://t.co/2MkckgWgzi",-0.25,0.112,0.16,0.728,60
@CNN,Fri Oct 05 00:36:44 +0000 2018,@OutFrontCNN @CNN Remember when democrats made a big deal about trump accepting the results of the election.  Well‚Ä¶ https://t.co/nl89GhDavM,0.3818,0.133,0.0,0.867,61
@CNN,Fri Oct 05 00:36:44 +0000 2018,@CNN Judge Kavanaugh‚Äôs behavior is parallel to an Emotional Abuser- get him upset and he‚Äôll attack you (as he did S‚Ä¶ https://t.co/f06RxWT1HS,-0.8271,0.055,0.322,0.623,62
@CNN,Fri Oct 05 00:36:44 +0000 2018,"RT @Navy_Lady_45: @CNN üö®üö®üö®URGENT:  ALL #Republicans &amp; #TrumpSupporters

Stay away from all Anti-Kavanaugh protesters in your area.  They wi‚Ä¶",-0.2263,0.0,0.095,0.905,63
@CNN,Fri Oct 05 00:36:43 +0000 2018,RT @Glazetron: tell us again the arena isn't packed @CNN @MSNBC @ABC @NBC @nytimes @washingtonpost &amp; all you other fake news orgs out there‚Ä¶,-0.4767,0.0,0.119,0.881,64
@CNN,Fri Oct 05 00:36:43 +0000 2018,@sam_vinograd @CNN @thelauracoates @SabrinaSiddiqui You guys rock and Sam‚Äôs @Nike üëüüëü! Love to all!,0.6988,0.269,0.0,0.731,65
@CNN,Fri Oct 05 00:36:43 +0000 2018,"RT @CNN: ""As Brett's roommate, I'm in a singular position...to say, 'Listen, I saw him do this stuff that he said, under oath, that he didn‚Ä¶",0.0,0.0,0.0,1.0,66
@CNN,Fri Oct 05 00:36:43 +0000 2018,RT @CNN: GOP Sen. Steve Daines will be out Saturday; the impact on the Kavanaugh vote is unclear https://t.co/pbr9E6c5ww https://t.co/RF9lg‚Ä¶,-0.25,0.0,0.095,0.905,67
@CNN,Fri Oct 05 00:36:43 +0000 2018,@CNN So you Apologize after being Criticized by a Retired Justice..It's one thing to make mistakes when your Young.‚Ä¶ https://t.co/v1ookReZ9S,-0.5141,0.074,0.22,0.706,68
@CNN,Fri Oct 05 00:36:42 +0000 2018,RT @CNN: Retired Supreme Court Justice John Paul Stevens said SCOTUS nominee Brett Kavanaugh does not belong on the nation's highest court:‚Ä¶,0.7906,0.259,0.0,0.741,69
@CNN,Fri Oct 05 00:36:42 +0000 2018,RT @rangersfan1966: @CNN Republicans in Congress agreed that they wish they could return to the days that no protesters would demonstrate a‚Ä¶,0.1779,0.178,0.152,0.669,70
@CNN,Fri Oct 05 00:36:41 +0000 2018,"RT @CNN: Why North Dakota Sen. Heidi Heitkamp's ""no"" vote on Kavanaugh could make political sense https://t.co/ejtrdPLYtu https://t.co/VGjH‚Ä¶",0.0,0.0,0.0,1.0,71
@CNN,Fri Oct 05 00:36:40 +0000 2018,RT @Glazetron: tell us again the arena isn't packed @CNN @MSNBC @ABC @NBC @nytimes @washingtonpost &amp; all you other fake news orgs out there‚Ä¶,-0.4767,0.0,0.119,0.881,72
@CNN,Fri Oct 05 00:36:40 +0000 2018,RT @CNN: Retired Supreme Court Justice John Paul Stevens said SCOTUS nominee Brett Kavanaugh does not belong on the nation's highest court:‚Ä¶,0.7906,0.259,0.0,0.741,73
@CNN,Fri Oct 05 00:36:39 +0000 2018,".@JeffFlake #CrushTheFix. #VoteNoOnKavanaugh.

#GOP's corrupt policies &amp; behavior are intolerable. 

We, the People‚Ä¶ https://t.co/pl245ThPgS",0.0,0.0,0.0,1.0,74
@CNN,Fri Oct 05 00:36:39 +0000 2018,"@CNN That's funny. You and the rest of the Dem herd made your minds up when his name was announced.
Total hypocrisy.
Pathetic!",-0.2714,0.104,0.143,0.753,75
@CNN,Fri Oct 05 00:36:38 +0000 2018,@_rxdoc @CNN Bill Clinton wasn't elected in 2016.,0.0,0.0,0.0,1.0,76
@CNN,Fri Oct 05 00:36:38 +0000 2018,"RT @hannahkauthor: I'm sometimes critical of media. 
Media should be controlled when they overturn the facts without any reason.
But, I bel‚Ä¶",-0.3182,0.0,0.103,0.897,77
@CNN,Fri Oct 05 00:36:38 +0000 2018,@kwilli1046 @JoeGlassman3 Hahaha @CNN üòÇüòÇüòÇüòÇüòÇ,0.5574,0.474,0.0,0.526,78
@CNN,Fri Oct 05 00:36:37 +0000 2018,@OutFrontCNN @CNN Good for him. These senators were elected by the people in their state. Why protest democracy? Smh,-0.1027,0.125,0.185,0.69,79
@CNN,Fri Oct 05 00:36:37 +0000 2018,RT @CNN: Retired Supreme Court Justice John Paul Stevens said SCOTUS nominee Brett Kavanaugh does not belong on the nation's highest court:‚Ä¶,0.7906,0.259,0.0,0.741,80
@CNN,Fri Oct 05 00:36:36 +0000 2018,"@SteveMeier @kevinbkelly @realJeffreyLord @CNN Old, unemployed  Nazis spend their days saluting the Swastika and si‚Ä¶ https://t.co/1YHq87JiIq",0.0,0.0,0.0,1.0,81
@CNN,Fri Oct 05 00:36:36 +0000 2018,"RT @RVAwonk: Per @CNN, Dr. Christine Blasey Ford's attorneys have confirmed that the FBI concluded its investigation without interviewing F‚Ä¶",0.0,0.0,0.0,1.0,82
@CNN,Fri Oct 05 00:36:36 +0000 2018,@CNN Go away you ancient  dinosaur! Nobody cares what you say or think!,0.555,0.23,0.0,0.77,83
@CNN,Fri Oct 05 00:36:36 +0000 2018,@CNN He was to emotional during his testimony. Maybe if he had just told the truth about his school years and not p‚Ä¶ https://t.co/nP2AgYfxoy,0.4404,0.151,0.0,0.849,84
@CNN,Fri Oct 05 00:36:36 +0000 2018,"RT @NahBabyNah: NO JAKE, SHE WANTED TO STAY ANONYMOUS, REMEMBER?

@SenFeinstein PUT HER IN THE SPOTLIGHT, SHE WAS JUST A SHINY OBJECT FOR T‚Ä¶",-0.4466,0.0,0.118,0.882,85
@CNN,Fri Oct 05 00:36:35 +0000 2018,"RT @RVAwonk: WH Deputy Press Secretary Raj Shah just told @CNN that Kavanaugh doesn't known Deborah Ramirez and has never spoken to her.

.‚Ä¶",0.0,0.0,0.0,1.0,86
@CNN,Fri Oct 05 00:36:35 +0000 2018,"RT @RandPaul: A letter from my wife, @KelleyAshbyPaul ‚ÄúMy husband, Rand Paul, and our family have suffered intimidation and threats...@CNN‚Ä¶",-0.7184,0.0,0.261,0.739,87
@CNN,Fri Oct 05 00:36:34 +0000 2018,@judithnwana @ndyLiv1 @BBC @CNN @PENamerican @UNHumanRights When they feed on the blood of the innocent they don't‚Ä¶ https://t.co/GUeElfDGH7,0.34,0.124,0.0,0.876,88
@CNN,Fri Oct 05 00:36:31 +0000 2018,@CNN is #FakeNews https://t.co/48xrXtsiAD,0.0,0.0,0.0,1.0,89
@CNN,Fri Oct 05 00:36:30 +0000 2018,"RT @CNN: Women who recently and regularly take a daily low-dose aspirin may lower their risk of developing ovarian cancer, new research sug‚Ä¶",-0.8271,0.0,0.314,0.686,90
@CNN,Fri Oct 05 00:36:29 +0000 2018,"RT @rangersfan1966: @CNN 1./ Kavanaugh's Spiritual Leader who has never seen him drunk at services.
2./ Kavanaugh's Doctor who has never se‚Ä¶",0.2584,0.088,0.0,0.912,91
@CNN,Fri Oct 05 00:36:26 +0000 2018,"@AynRandPaulRyan @CNN @politico @nprpolitics Can a news outlet maybe ask @OrrinHatch why he doesn‚Äôt care, because h‚Ä¶ https://t.co/AqcQju8OBm",0.4939,0.167,0.0,0.833,92
@CNN,Fri Oct 05 00:36:26 +0000 2018,"RT @RVAwonk: Per @CNN, Dr. Christine Blasey Ford's attorneys have confirmed that the FBI concluded its investigation without interviewing F‚Ä¶",0.0,0.0,0.0,1.0,93
@CNN,Fri Oct 05 00:36:23 +0000 2018,Law professors defend signing #Kavanaugh #petition https://t.co/Xj7dSblL3f @CNN @andersoncooper @ACLU @metoffice,0.0,0.0,0.0,1.0,94
@CNN,Fri Oct 05 00:36:23 +0000 2018,"RT @NahBabyNah: NO JAKE, SHE WANTED TO STAY ANONYMOUS, REMEMBER?

@SenFeinstein PUT HER IN THE SPOTLIGHT, SHE WAS JUST A SHINY OBJECT FOR T‚Ä¶",-0.4466,0.0,0.118,0.882,95
@CNN,Fri Oct 05 00:36:22 +0000 2018,"RT @RVAwonk: WH Deputy Press Secretary Raj Shah just told @CNN that Kavanaugh doesn't known Deborah Ramirez and has never spoken to her.

.‚Ä¶",0.0,0.0,0.0,1.0,96
@CNN,Fri Oct 05 00:36:21 +0000 2018,"RT @amber_athey: This is absolutely deranged. 

@CNN anchor (and former Obama official) Jim Sciutto asserts that gang rape allegations are‚Ä¶",-0.6908,0.0,0.198,0.802,97
@CNN,Fri Oct 05 00:36:21 +0000 2018,RT @rangersfan1966: @CNN The new national counterterrorism strategy will consist of having suspected terrorists being probed by national se‚Ä¶,-0.7184,0.0,0.261,0.739,98
@CNN,Fri Oct 05 00:36:21 +0000 2018,RT @CNN: Democratic Sen. Jeff Merkley said the FBI's supplemental investigation into allegations of sexual misconduct against Supreme Court‚Ä¶,0.5574,0.167,0.0,0.833,99
@FoxNews,Fri Oct 05 00:37:32 +0000 2018,@FoxNews @POTUS https://t.co/qL7QVRrzYJ,0.0,0.0,0.0,1.0,0
@FoxNews,Fri Oct 05 00:37:32 +0000 2018,RT @JudgeJeanine: I‚Äôll stop by @TuckerCarlson Tonight to battle it out with @greggutfeld on the #Tucker #FinalExam challenge! Don‚Äôt miss it‚Ä¶,-0.6588,0.052,0.268,0.68,1
@FoxNews,Fri Oct 05 00:37:31 +0000 2018,RT @HeyTammyBruce: Coming up on @TuckerCarlson now! @foxnews üëçüá∫üá∏,0.0,0.0,0.0,1.0,2
@FoxNews,Fri Oct 05 00:37:30 +0000 2018,"RT @FoxNews: .@TuckerCarlson: ""Win or lose, Kavanaugh's nomination will be voted on."" #Tucker https://t.co/QGAyWddjyn",0.2732,0.205,0.146,0.649,3
@FoxNews,Fri Oct 05 00:37:30 +0000 2018,@FoxNews @POTUS #americawasalreadygreat,0.0,0.0,0.0,1.0,4
@FoxNews,Fri Oct 05 00:37:30 +0000 2018,RT @jasoninthehouse: I am coming up on @IngrahamAngle @FoxNews,0.0,0.0,0.0,1.0,5
@FoxNews,Fri Oct 05 00:37:30 +0000 2018,@1WillWallace @FoxNews San Francisco says it all and if somebody attacked your character unjustified I bet you woul‚Ä¶ https://t.co/Zlv8HjSBFA,-0.4588,0.0,0.15,0.85,6
@FoxNews,Fri Oct 05 00:37:30 +0000 2018,"@FoxNews @SteveDaines Good idea go home.....
Permanently.",0.4404,0.326,0.0,0.674,7
@FoxNews,Fri Oct 05 00:37:29 +0000 2018,"@FoxNews Human, no matter what she said he would have been criticized everyone knows this.",-0.5574,0.062,0.264,0.674,8
@FoxNews,Fri Oct 05 00:37:29 +0000 2018,"RT @FoxNews: ‚ÄúI don‚Äôt think we‚Äôre interested"" in an endorsement from @BarackObama, Rep. @BetoORourke said after being snubbed in the latest‚Ä¶",0.25,0.192,0.115,0.692,9
@FoxNews,Fri Oct 05 00:37:29 +0000 2018,@jasoninthehouse @IngrahamAngle @FoxNews I will be watching hope you have a great show.,0.7906,0.438,0.0,0.562,10
@FoxNews,Fri Oct 05 00:37:29 +0000 2018,"RT @FoxNews: ‚ÄúI don‚Äôt think we‚Äôre interested"" in an endorsement from @BarackObama, Rep. @BetoORourke said after being snubbed in the latest‚Ä¶",0.25,0.192,0.115,0.692,11
@FoxNews,Fri Oct 05 00:37:29 +0000 2018,RT @MaryEbth: @FoxNews @SteveDaines https://t.co/FJAYTKUcUd,0.0,0.0,0.0,1.0,12
@FoxNews,Fri Oct 05 00:37:29 +0000 2018,"RT @FoxNews: Kavanaugh fate hangs in balance, with 3 swing-vote senators 'trying to get to yes,' source says. https://t.co/qFdXUW8Og0",0.0,0.0,0.0,1.0,13
@FoxNews,Fri Oct 05 00:37:28 +0000 2018,"RT @jasoninthehouse: Big show on @seanhannity @FoxNews tonight.  I will join @SaraCarterDC as we discuss the nomination, etc.",0.296,0.121,0.0,0.879,14
@FoxNews,Fri Oct 05 00:37:28 +0000 2018,"RT @FoxNews: .@POTUS: ""The Democrats have been trying to destroy Judge Brett Kavanaugh since the very first second he was announced...Becau‚Ä¶",-0.5423,0.0,0.149,0.851,15
@FoxNews,Fri Oct 05 00:37:28 +0000 2018,RT @FoxNews: Whale watchers witnessed a spectacular sight Wednesday of a humpback whale breaching with a glowing rainbow behind it. https:/‚Ä¶,0.0,0.0,0.0,1.0,16
@FoxNews,Fri Oct 05 00:37:28 +0000 2018,@FoxNews @POTUS Hell I was almost borne a United States Marine. Be an interesting fight to watch.,-0.4549,0.223,0.307,0.47,17
@FoxNews,Fri Oct 05 00:37:28 +0000 2018,RT @fast_sandra: @FoxNews #ConfirmKavanaghNow,0.0,0.0,0.0,1.0,18
@FoxNews,Fri Oct 05 00:37:28 +0000 2018,@mayalates @MoooPapa @lilmommamonica @darsden @DatoFreddy @Freddyaldana6 @starcrosswolf @MARINE_99ZULU @DicVinson‚Ä¶ https://t.co/JjDFVR9zZl,0.0,0.0,0.0,1.0,19
@FoxNews,Fri Oct 05 00:37:28 +0000 2018,"RT @FoxNews: .@POTUS: ""The only reason to vote Democrat is because you're tired of winning."" https://t.co/LyueZxBslo https://t.co/yPBFzoazNu",-0.4404,0.0,0.153,0.847,20
@FoxNews,Fri Oct 05 00:37:27 +0000 2018,RT @FoxNews: Incredible drone footage captured the full array of fall colors on display at Snowbasin ski resort in Utah. https://t.co/N1PFt‚Ä¶,0.0,0.0,0.0,1.0,21
@FoxNews,Fri Oct 05 00:37:27 +0000 2018,@FoxNews @SteveDaines Have the vote now #ConfirmBrettKavanaughNow,0.0,0.0,0.0,1.0,22
@FoxNews,Fri Oct 05 00:37:26 +0000 2018,"RT @FoxNews: .@POTUS: ""The Democrats have been trying to destroy Judge Brett Kavanaugh since the very first second he was announced...Becau‚Ä¶",-0.5423,0.0,0.149,0.851,23
@FoxNews,Fri Oct 05 00:37:26 +0000 2018,"@InformedVoter5 @FoxNews @POTUS They did not fight Gorsuch because it was an even trade. This is the swing vote, th‚Ä¶ https://t.co/Zsc5JMSFOA",0.2924,0.098,0.0,0.902,24
@FoxNews,Fri Oct 05 00:37:25 +0000 2018,"RT @FoxNews: .@TuckerCarlson: ""Win or lose, Kavanaugh's nomination will be voted on."" #Tucker https://t.co/QGAyWddjyn",0.2732,0.205,0.146,0.649,25
@FoxNews,Fri Oct 05 00:37:24 +0000 2018,"RT @FoxNews: .@POTUS on trade: ""NAFTA has been one of the great disasters of all time. And now we have a great and fair deal."" https://t.co‚Ä¶",0.7845,0.299,0.103,0.598,26
@FoxNews,Fri Oct 05 00:37:24 +0000 2018,"RT @FoxNews: .@POTUS: ""The Democrats have been trying to destroy Judge Brett Kavanaugh since the very first second he was announced...Becau‚Ä¶",-0.5423,0.0,0.149,0.851,27
@FoxNews,Fri Oct 05 00:37:24 +0000 2018,"RT @A_blackeagle: Watch @FoxNews's broadcast: President Trump holds ""Make America Great Again"" Rally in MN https://t.co/rjd0SEwxrF",0.6249,0.215,0.0,0.785,28
@FoxNews,Fri Oct 05 00:37:23 +0000 2018,"RT @FoxNews: ‚ÄúI don‚Äôt think we‚Äôre interested"" in an endorsement from @BarackObama, Rep. @BetoORourke said after being snubbed in the latest‚Ä¶",0.25,0.192,0.115,0.692,29
@FoxNews,Fri Oct 05 00:37:23 +0000 2018,RT @FoxNews: Arizona Dem governor candidate's top staffer plagiarized his US congress campaign website https://t.co/HK2vuM9zZf,0.2023,0.114,0.0,0.886,30
@FoxNews,Fri Oct 05 00:37:23 +0000 2018,@FoxNews @BarackObama @BetoORourke He's gonna lose anyway. üòÇ,-0.4019,0.0,0.31,0.69,31
@FoxNews,Fri Oct 05 00:37:23 +0000 2018,"RT @FoxNews: .@POTUS: ""The Democrats have been trying to destroy Judge Brett Kavanaugh since the very first second he was announced...Becau‚Ä¶",-0.5423,0.0,0.149,0.851,32
@FoxNews,Fri Oct 05 00:37:23 +0000 2018,@HeyTammyBruce @TuckerCarlson @FoxNews You're one of my favorites!!! My mom loves you too. You say exactly what i t‚Ä¶ https://t.co/dVycCPehhb,0.8114,0.303,0.0,0.697,33
@FoxNews,Fri Oct 05 00:37:22 +0000 2018,"RT @FoxNews: JUST IN: Lawyer for Clinton campaign and DNC gave FBI documents for Russia probe, sources say. https://t.co/3sqbW4aLNj",0.0,0.0,0.0,1.0,34
@FoxNews,Fri Oct 05 00:37:21 +0000 2018,@reynoldsr504 @xxMichaelSexton @FoxNews My opinion is the Democratic Party used unconscionable judgement in handling this conformation!,0.4574,0.166,0.0,0.834,35
@FoxNews,Fri Oct 05 00:37:21 +0000 2018,"RT @FoxNews: BREAKING: Kavanaugh pens op-ed, decries 'vicious' attacks while saying he 'might have been too emotional' at hearing https://t‚Ä¶",-0.3182,0.071,0.129,0.8,36
@FoxNews,Fri Oct 05 00:37:20 +0000 2018,RT @HeyTammyBruce: Coming up on @TuckerCarlson now! @foxnews üëçüá∫üá∏,0.0,0.0,0.0,1.0,37
@FoxNews,Fri Oct 05 00:37:20 +0000 2018,@HeyTammyBruce @TuckerCarlson @FoxNews when do they start putting together a grand jury for the liars?,-0.1027,0.163,0.185,0.652,38
@FoxNews,Fri Oct 05 00:37:20 +0000 2018,@HeyTammyBruce @TuckerCarlson @FoxNews üëçüèº,0.0,0.0,0.0,1.0,39
@FoxNews,Fri Oct 05 00:37:20 +0000 2018,RT @FAIRImmigration: ICE union wants Portland mayor to face criminal probe over actions during Occupy ICE protests https://t.co/allyCwCxzY‚Ä¶,-0.6486,0.0,0.249,0.751,40
@FoxNews,Fri Oct 05 00:37:20 +0000 2018,RT @FoxNews: .@senatemajldr: ‚ÄúWho among us would not have been outraged by having a lifetime record drug through the mud with accusations t‚Ä¶,0.1406,0.113,0.091,0.795,41
@FoxNews,Fri Oct 05 00:37:19 +0000 2018,RT @FoxNews: .@LindseyGrahamSC: ‚ÄúI‚Äôm confident the FBI did a good job. They were not hindered in any way.‚Äù https://t.co/LM16FKLOte,0.7269,0.276,0.0,0.724,42
@FoxNews,Fri Oct 05 00:37:19 +0000 2018,@FoxNews @BarackObama @BetoORourke Even skunks have values,0.4019,0.31,0.0,0.69,43
@FoxNews,Fri Oct 05 00:37:19 +0000 2018,"RT @FoxNews: ‚ÄúI don‚Äôt think we‚Äôre interested"" in an endorsement from @BarackObama, Rep. @BetoORourke said after being snubbed in the latest‚Ä¶",0.25,0.192,0.115,0.692,44
@FoxNews,Fri Oct 05 00:37:19 +0000 2018,@_RainyDayWoman @FoxNews @TuckerCarlson https://t.co/MfatB7Rc8G,0.0,0.0,0.0,1.0,45
@FoxNews,Fri Oct 05 00:37:18 +0000 2018,RT @FAIRImmigration: ICE union wants Portland mayor to face criminal probe over actions during Occupy ICE protests https://t.co/allyCwCxzY‚Ä¶,-0.6486,0.0,0.249,0.751,46
@FoxNews,Fri Oct 05 00:37:17 +0000 2018,"RT @FoxNews: ‚ÄúI don‚Äôt think we‚Äôre interested"" in an endorsement from @BarackObama, Rep. @BetoORourke said after being snubbed in the latest‚Ä¶",0.25,0.192,0.115,0.692,47
@FoxNews,Fri Oct 05 00:37:17 +0000 2018,"RT @FoxNews: ‚ÄúI don‚Äôt think we‚Äôre interested"" in an endorsement from @BarackObama, Rep. @BetoORourke said after being snubbed in the latest‚Ä¶",0.25,0.192,0.115,0.692,48
@FoxNews,Fri Oct 05 00:37:16 +0000 2018,RT @FoxNews: President @realDonaldTrump is looking to drive people to the polls in November. @BretBaier takes a look at how @POTUS will imp‚Ä¶,0.0,0.0,0.0,1.0,49
@FoxNews,Fri Oct 05 00:37:16 +0000 2018,"RT @FoxNews: .@POTUS: ""The Democrats have been trying to destroy Judge Brett Kavanaugh since the very first second he was announced...Becau‚Ä¶",-0.5423,0.0,0.149,0.851,50
@FoxNews,Fri Oct 05 00:37:16 +0000 2018,"Complaints filled against DR. Allen Steere!

‚Å¶@CNN‚Å© ‚Å¶‚Å¶‚Å¶‚Å¶‚Å¶@MassGeneralNews‚Å© @FoxNews‚Å© ‚Å¶@AltUSDOJ‚Å© 
Time to investiga‚Ä¶ https://t.co/RBHXz0PFfP",-0.4574,0.0,0.187,0.813,51
@FoxNews,Fri Oct 05 00:37:15 +0000 2018,@FoxNews @SteveDaines GOP will make AF1 available. Or maybe one of those invisible jets...,0.0,0.0,0.0,1.0,52
@FoxNews,Fri Oct 05 00:37:15 +0000 2018,@PartyOfCrime @JamelJackson10 @FoxNews @POTUS Wow! There is a LOT of mushroom compensation happening in this gif!,0.658,0.238,0.0,0.762,53
@FoxNews,Fri Oct 05 00:37:14 +0000 2018,@FoxNews @BarackObama @BetoORourke https://t.co/nfinpJdkJ4,0.0,0.0,0.0,1.0,54
@FoxNews,Fri Oct 05 00:37:14 +0000 2018,@FallingdownAl @FoxNews You sound like an angry elf,-0.2023,0.212,0.28,0.508,55
@FoxNews,Fri Oct 05 00:37:14 +0000 2018,"RT @DesignationSix: Here are some @FoxNews sponsors. They are tagged so they will be notified for every LIKE RETWEET or COMMENT.
@BeachesRe‚Ä¶",0.4995,0.133,0.0,0.867,56
@FoxNews,Fri Oct 05 00:37:13 +0000 2018,"RT @DrMjac2006: @FoxNews You were justified Sir, no need to apologize...Congratulations!",0.2003,0.211,0.155,0.634,57
@FoxNews,Fri Oct 05 00:37:13 +0000 2018,"RT @FoxNews: BREAKING: Kavanaugh pens op-ed, decries 'vicious' attacks while saying he 'might have been too emotional' at hearing https://t‚Ä¶",-0.3182,0.071,0.129,0.8,58
@FoxNews,Fri Oct 05 00:37:12 +0000 2018,"RT @FoxNews: .@AlanDersh on Kavanaugh hearing: ""The framers of our Constitution never intended the confirmation process to look anything li‚Ä¶",0.0,0.0,0.0,1.0,59
@FoxNews,Fri Oct 05 00:37:12 +0000 2018,@FoxNews @SenatorHeitkamp #shegone!,0.0,0.0,0.0,1.0,60
@FoxNews,Fri Oct 05 00:37:12 +0000 2018,@conniejwest71 @Terry13850774 @FoxNews @LindseyGrahamSC Red October perfect for the Russia connection.,0.5719,0.27,0.0,0.73,61
@FoxNews,Fri Oct 05 00:37:11 +0000 2018,"RT @Alkhaldi9999999: King Salman is a red line for the Saudi people üëå

@FoxNews 
@FinancialTimes 
@thesundaytimes 
@TIME 
@nytimes 
@WSJ 
@‚Ä¶",0.0,0.0,0.0,1.0,62
@FoxNews,Fri Oct 05 00:37:11 +0000 2018,RT @HeyTammyBruce: Coming up on @TuckerCarlson now! @foxnews üëçüá∫üá∏,0.0,0.0,0.0,1.0,63
@FoxNews,Fri Oct 05 00:37:08 +0000 2018,"@BobonFontaine @FoxNews @POTUS Why u ppl beg and cry for citizenship if u hate white ppl so much ? 
Pack ur bags an‚Ä¶ https://t.co/FcIFINs90W",-0.7783,0.0,0.264,0.736,64
@FoxNews,Fri Oct 05 00:37:08 +0000 2018,"RT @FoxNews: .@POTUS: ""The Democrats have been trying to destroy Judge Brett Kavanaugh since the very first second he was announced...Becau‚Ä¶",-0.5423,0.0,0.149,0.851,65
@FoxNews,Fri Oct 05 00:37:08 +0000 2018,"@jasoninthehouse @seanhannity @FoxNews @SaraCarterDC Jason, nobody cares what you have to say, crawl back under your rock.",0.4588,0.158,0.0,0.842,66
@FoxNews,Fri Oct 05 00:37:07 +0000 2018,"RT @DesignationSix: Here are some @FoxNews sponsors. They are tagged so they will be notified for every LIKE RETWEET or COMMENT.
@BeachesRe‚Ä¶",0.4995,0.133,0.0,0.867,67
@FoxNews,Fri Oct 05 00:37:07 +0000 2018,RT @FAIRImmigration: ICE union wants Portland mayor to face criminal probe over actions during Occupy ICE protests https://t.co/allyCwCxzY‚Ä¶,-0.6486,0.0,0.249,0.751,68
@FoxNews,Fri Oct 05 00:37:06 +0000 2018,@HeyTammyBruce @TuckerCarlson @FoxNews Tucker is rocking it tonite!,0.0,0.0,0.0,1.0,69
@FoxNews,Fri Oct 05 00:37:06 +0000 2018,RT @Cheriav: @FoxNews No he wasn‚Äôt too emotional he was fighting for his reputation that he worked so hard to build #dontcave,-0.608,0.061,0.251,0.688,70
@FoxNews,Fri Oct 05 00:37:06 +0000 2018,"RT @FoxNews: .@POTUS on trade: ""NAFTA has been one of the great disasters of all time. And now we have a great and fair deal."" https://t.co‚Ä¶",0.7845,0.299,0.103,0.598,71
@FoxNews,Fri Oct 05 00:37:06 +0000 2018,"RT @FoxNews: .@POTUS holds a ""Make America Great Again"" rally in Rochester, Minnesota. https://t.co/JKBHEla2e1",0.6249,0.255,0.0,0.745,72
@FoxNews,Fri Oct 05 00:37:06 +0000 2018,"RT @Alkhaldi9999999: King Salman is a red line for the Saudi people üëå

@FoxNews 
@FinancialTimes 
@thesundaytimes 
@TIME 
@nytimes 
@WSJ 
@‚Ä¶",0.0,0.0,0.0,1.0,73
@FoxNews,Fri Oct 05 00:37:05 +0000 2018,RT @FoxNews: Retired Justice John Paul Stevens calls Kavanaugh's temperament disqualifying: 'Senators should pay attention to this' https:/‚Ä¶,0.4588,0.163,0.067,0.769,74
@FoxNews,Fri Oct 05 00:37:05 +0000 2018,RT @JudgeJeanine: I‚Äôll stop by @TuckerCarlson Tonight to battle it out with @greggutfeld on the #Tucker #FinalExam challenge! Don‚Äôt miss it‚Ä¶,-0.6588,0.052,0.268,0.68,75
@FoxNews,Fri Oct 05 00:37:04 +0000 2018,"RT @FoxNews: ‚ÄúI don‚Äôt think we‚Äôre interested"" in an endorsement from @BarackObama, Rep. @BetoORourke said after being snubbed in the latest‚Ä¶",0.25,0.192,0.115,0.692,76
@FoxNews,Fri Oct 05 00:37:04 +0000 2018,"@DS_KRAV_MAGA1 @ChrisDaMatto @FoxNews So, the premise of your statement is you agree that temperament should be a q‚Ä¶ https://t.co/35eDT3MBKq",0.3612,0.128,0.0,0.872,77
@FoxNews,Fri Oct 05 00:37:03 +0000 2018,"RT @RealTT2020: @FoxNews #TheStormIsComing
#ThisStormIsHUGE
REEEEEEEEEEEEEEEE
https://t.co/gCpYmh7I2X",0.0,0.0,0.0,1.0,78
@FoxNews,Fri Oct 05 00:37:03 +0000 2018,"@randy_o1970 @ladymudd @AP @FoxNews Not they are NOT, you think for yourself... I came from Venezuela, every single‚Ä¶ https://t.co/8au9zX7uI8",0.0,0.0,0.0,1.0,79
@FoxNews,Fri Oct 05 00:37:02 +0000 2018,@HerbalifeVerda @FoxNews @POTUS What evidence. I have watched 90% of the hearing and the rest. THERE IS NO EVIDENCE‚Ä¶ https://t.co/8eBO15jDyU,-0.4466,0.0,0.14,0.86,80
@FoxNews,Fri Oct 05 00:37:02 +0000 2018,RT @HeyTammyBruce: Coming up on @TuckerCarlson now! @foxnews üëçüá∫üá∏,0.0,0.0,0.0,1.0,81
@FoxNews,Fri Oct 05 00:37:02 +0000 2018,@FoxNews Lock 'em up!,0.0,0.0,0.0,1.0,82
@FoxNews,Fri Oct 05 00:37:02 +0000 2018,@FoxNews @TuckerCarlson @realDonaldTrump https://t.co/nFwmtE2Mlk,0.0,0.0,0.0,1.0,83
@FoxNews,Fri Oct 05 00:37:02 +0000 2018,"RT @FoxNews: .@POTUS: ""The only reason to vote Democrat is because you're tired of winning."" https://t.co/LyueZxBslo https://t.co/yPBFzoazNu",-0.4404,0.0,0.153,0.847,84
@FoxNews,Fri Oct 05 00:37:02 +0000 2018,@cjl85718 @FoxNews @SteveDaines Best response üëçüèª,0.6369,0.457,0.0,0.543,85
@FoxNews,Fri Oct 05 00:37:01 +0000 2018,@FoxNews @maryannemarsh @FoxNewsOpinion Watching the disgrace of the Democratic Party was exactly why I changed my‚Ä¶ https://t.co/P1bioOHA7V,-0.128,0.136,0.161,0.704,86
@FoxNews,Fri Oct 05 00:37:01 +0000 2018,"RT @farhip: Kavanaugh has now taken his media campaign to two conservative-leaning outlets, @FoxNews and @WSJ (both controlled by Rupert Mu‚Ä¶",0.0,0.0,0.0,1.0,87
@FoxNews,Fri Oct 05 00:37:01 +0000 2018,@FoxNews @GaryHarder8 @SenFeinstein My question is...who are the ppl that keep re-electing her? Is she the best Cal‚Ä¶ https://t.co/NOFitiKVPk,0.6369,0.189,0.0,0.811,88
@FoxNews,Fri Oct 05 00:37:00 +0000 2018,"RT @FoxNews: GOP-doxxing suspect arrested; worked or interned for Feinstein, Jackson Lee, other Dems. https://t.co/FCPG2vzaDi",-0.6486,0.0,0.29,0.71,89
@FoxNews,Fri Oct 05 00:37:00 +0000 2018,@DesignationSix @FoxNews @BeachesResorts @SandalsResorts @JennyCraig @StarKistCharlie @Nutrisystem @southbeachdiet‚Ä¶ https://t.co/ZlMRz3UUf4,0.0,0.0,0.0,1.0,90
@FoxNews,Fri Oct 05 00:37:00 +0000 2018,RT @Macshivers: @TayeKeiana1960 @vadpradub @RedPillBlackMan @FoxNews They (FoxNews) are doing an excellent job protecting the illusion of ‚Äú‚Ä¶,0.5719,0.179,0.0,0.821,91
@FoxNews,Fri Oct 05 00:36:59 +0000 2018,RT @DatoFreddy: @ejin_elan @lilmommamonica @Freddyaldana6 @starcrosswolf @MARINE_99ZULU @DicVinson @Mjhall412 @MoooPapa @mayalates @Melissa‚Ä¶,0.0,0.0,0.0,1.0,92
@FoxNews,Fri Oct 05 00:36:59 +0000 2018,"RT @FoxNews: .@TuckerCarlson: ""Win or lose, Kavanaugh's nomination will be voted on."" #Tucker https://t.co/QGAyWddjyn",0.2732,0.205,0.146,0.649,93
@FoxNews,Fri Oct 05 00:36:59 +0000 2018,@FoxNews @BarackObama @BetoORourke ‚ÄúI didn‚Äôt want to go to the prom anyway.‚Äù,0.0772,0.106,0.0,0.894,94
@FoxNews,Fri Oct 05 00:36:59 +0000 2018,@FoxNews @SenSchumer They did their jobs!!!,0.0,0.0,0.0,1.0,95
@FoxNews,Fri Oct 05 00:36:58 +0000 2018,"RT @FoxNews: .@POTUS: ""In less than two years of Republican leadership, America has achieved the biggest comeback in our history."" https://‚Ä¶",0.0,0.0,0.0,1.0,96
@FoxNews,Fri Oct 05 00:36:58 +0000 2018,"RT @FoxNews: Senator @ChuckGrassley:  ""With @FBI Work Complete, It‚Äôs Time to Vote"" https://t.co/7Dyv9U3aHU",0.0,0.0,0.0,1.0,97
@FoxNews,Fri Oct 05 00:36:58 +0000 2018,RT @Whtline: @FoxNews @TuckerCarlson Tucker dump that ACLU guy .... 2nd thought...NO...leave him on....let everyone hear him.,-0.3818,0.0,0.14,0.86,98
@FoxNews,Fri Oct 05 00:36:58 +0000 2018,"RT @FoxNews: ‚ÄúI don‚Äôt think we‚Äôre interested"" in an endorsement from @BarackObama, Rep. @BetoORourke said after being snubbed in the latest‚Ä¶",0.25,0.192,0.115,0.692,99
@nytimes,Fri Oct 05 00:37:31 +0000 2018,"N.J. Transit Train Derails, Causing Widespread Commuting Delays   via @NYTimes https://t.co/Z4UJz7uvNu",-0.3182,0.0,0.187,0.813,0
@nytimes,Fri Oct 05 00:37:30 +0000 2018,"RT @larryelder: Dear @nytimes,

When can we expect your front page investigative expose on the tax and estate planning by George Soros and‚Ä¶",0.25,0.103,0.063,0.833,1
@nytimes,Fri Oct 05 00:37:30 +0000 2018,@nytimes üëèüëç,0.0,0.0,0.0,1.0,2
@nytimes,Fri Oct 05 00:37:27 +0000 2018,RT @nytimes: New York City officials said that they had joined state regulators in examining whether President Trump and his family underpa‚Ä¶,0.0,0.0,0.0,1.0,3
@nytimes,Fri Oct 05 00:37:26 +0000 2018,RT @nytimes: New York City officials said that they had joined state regulators in examining whether President Trump and his family underpa‚Ä¶,0.0,0.0,0.0,1.0,4
@nytimes,Fri Oct 05 00:37:24 +0000 2018,"RT @akela_lacy: 1/5 NEW: A classmate of Brett Kavanaugh and Mark Judge says he also remembered Judge's odd habit of jumping on his friends,‚Ä¶",-0.3182,0.0,0.095,0.905,5
@nytimes,Fri Oct 05 00:37:18 +0000 2018,RT @nytimes: New York City officials said that they had joined state regulators in examining whether President Trump and his family underpa‚Ä¶,0.0,0.0,0.0,1.0,6
@nytimes,Fri Oct 05 00:37:16 +0000 2018,@nytimes And the fact that they did not find a Dam thing wrong means what you nimrods?,-0.4767,0.0,0.171,0.829,7
@nytimes,Fri Oct 05 00:37:14 +0000 2018,"@nytimes Hahaha will the NYT exhume Trump's father and put his corpse in jail .NYT is a RAG paper,Why is NYT trying‚Ä¶ https://t.co/qLVlgyhEV7",-0.0258,0.132,0.136,0.733,8
@nytimes,Fri Oct 05 00:37:14 +0000 2018,RT @nytimes: New York City officials said that they had joined state regulators in examining whether President Trump and his family underpa‚Ä¶,0.0,0.0,0.0,1.0,9
@nytimes,Fri Oct 05 00:37:11 +0000 2018,"RT @Alkhaldi9999999: King Salman is a red line for the Saudi people üëå

@FoxNews 
@FinancialTimes 
@thesundaytimes 
@TIME 
@nytimes 
@WSJ 
@‚Ä¶",0.0,0.0,0.0,1.0,10
@nytimes,Fri Oct 05 00:37:09 +0000 2018,@nytimes Throw him in the clink,0.0,0.0,0.0,1.0,11
@nytimes,Fri Oct 05 00:37:08 +0000 2018,"RT @nytimes: The FBI investigation into Kavanaugh has ended. Here‚Äôs who was questioned, and who was not. https://t.co/6joKrA4TnW",-0.1027,0.0,0.076,0.924,12
@nytimes,Fri Oct 05 00:37:08 +0000 2018,RT @Glazetron: tell us again the arena isn't packed @CNN @MSNBC @ABC @NBC @nytimes @washingtonpost &amp; all you other fake news orgs out there‚Ä¶,-0.4767,0.0,0.119,0.881,13
@nytimes,Fri Oct 05 00:37:07 +0000 2018,RT @TimboSlice083: @chr50249568 @nytimes I swear I keep getting stuff in my feed from opposing views intentionally.  And it's always someth‚Ä¶,-0.0516,0.0,0.062,0.938,14
@nytimes,Fri Oct 05 00:37:07 +0000 2018,RT @nytimes: New York City officials said that they had joined state regulators in examining whether President Trump and his family underpa‚Ä¶,0.0,0.0,0.0,1.0,15
@nytimes,Fri Oct 05 00:37:06 +0000 2018,"RT @Alkhaldi9999999: King Salman is a red line for the Saudi people üëå

@FoxNews 
@FinancialTimes 
@thesundaytimes 
@TIME 
@nytimes 
@WSJ 
@‚Ä¶",0.0,0.0,0.0,1.0,16
@nytimes,Fri Oct 05 00:37:05 +0000 2018,RT @chr50249568: @nytimes who cares and why is his shown as ‚Äúpromoted ‚Äúin my feed?,0.4588,0.176,0.0,0.824,17
@nytimes,Fri Oct 05 00:37:05 +0000 2018,"FREE PRESS Putin is having a blast, through @realDonaldTrump he is corrupting SCOTUS, exactly what he needs!‚Ä¶ https://t.co/MajPwYxG9c",0.6514,0.213,0.0,0.787,18
@nytimes,Fri Oct 05 00:37:04 +0000 2018,RT @nytimes: New York City officials said that they had joined state regulators in examining whether President Trump and his family underpa‚Ä¶,0.0,0.0,0.0,1.0,19
@nytimes,Fri Oct 05 00:37:03 +0000 2018,RT @Glazetron: tell us again the arena isn't packed @CNN @MSNBC @ABC @NBC @nytimes @washingtonpost &amp; all you other fake news orgs out there‚Ä¶,-0.4767,0.0,0.119,0.881,20
@nytimes,Fri Oct 05 00:37:02 +0000 2018,RT @nytimes: New York City officials said that they had joined state regulators in examining whether President Trump and his family underpa‚Ä¶,0.0,0.0,0.0,1.0,21
@nytimes,Fri Oct 05 00:37:01 +0000 2018,"@DR4183 @nytimes I offer no proof, just quite a few intriguing and convenient coincidences surrounding this nominee‚Ä¶ https://t.co/kw6pevidIC",-0.296,0.0,0.128,0.872,22
@nytimes,Fri Oct 05 00:37:01 +0000 2018,RT @nytimes: New York City officials said that they had joined state regulators in examining whether President Trump and his family underpa‚Ä¶,0.0,0.0,0.0,1.0,23
@nytimes,Fri Oct 05 00:36:59 +0000 2018,@nytimes https://t.co/nfinpJdkJ4,0.0,0.0,0.0,1.0,24
@nytimes,Fri Oct 05 00:36:58 +0000 2018,RT @SoCalEdgyGal: @Navy_Lady_45 @thatsqueensnark @realDonaldTrump @seanhannity @TuckerCarlson @CNNPolitics @nytimes https://t.co/RYofvLWi3B,0.0,0.0,0.0,1.0,25
@nytimes,Fri Oct 05 00:36:57 +0000 2018,@nytimes Why in the Hell do I care where the man got his Money? Who gives a Shit  ? One thing I do know is he's Mak‚Ä¶ https://t.co/6I1bBr2d70,-0.7476,0.098,0.261,0.641,26
@nytimes,Fri Oct 05 00:36:57 +0000 2018,@Karsten_Klint @nytimes All the fish have confirmed ‚Äúwater‚Äù is a vast right wing conspiracy and shouldn‚Äôt be believed :/,-0.7003,0.0,0.266,0.734,27
@nytimes,Fri Oct 05 00:36:57 +0000 2018,RT @iamKSealsAllers: #TBT to my @nytimes piece on the ill-advised &amp; disrespectful plan of @Medolac to target black moms in #Detroit to sell‚Ä¶,0.0,0.0,0.0,1.0,28
@nytimes,Fri Oct 05 00:36:56 +0000 2018,RT @nytimes: New York City officials said that they had joined state regulators in examining whether President Trump and his family underpa‚Ä¶,0.0,0.0,0.0,1.0,29
@nytimes,Fri Oct 05 00:36:55 +0000 2018,RT @BoydCrowder15: @dog_pdx @carlo_russso @nytimes You do realize the U.S. government didn't stage kidnapping raids in foreign countries to‚Ä¶,0.0,0.0,0.0,1.0,30
@nytimes,Fri Oct 05 00:36:55 +0000 2018,@CharlesMichel @Prof_TGSchulze @libe @ScotNational @faznet @guardian @SZ @BILD @DerSPIEGEL @Le_Figaro @thetimes‚Ä¶ https://t.co/uw5bMor6lm,0.0,0.0,0.0,1.0,31
@nytimes,Fri Oct 05 00:36:54 +0000 2018,RT @nytimes: New York City officials said that they had joined state regulators in examining whether President Trump and his family underpa‚Ä¶,0.0,0.0,0.0,1.0,32
@nytimes,Fri Oct 05 00:36:52 +0000 2018,@nytimes Hmm.. did they?! Lol..,0.0,0.0,0.0,1.0,33
@nytimes,Fri Oct 05 00:36:51 +0000 2018,@nytimes https://t.co/Iqo5DfpBGz,0.0,0.0,0.0,1.0,34
@nytimes,Fri Oct 05 00:36:51 +0000 2018,"RT @CLH111354: @SenatorCollins, @lisamurkowski, @Sen_JoeManchin, @JeffFlake @CNN @washingtonpost @nytimes Retired Supreme Court Justice Joh‚Ä¶",0.7906,0.368,0.0,0.632,35
@nytimes,Fri Oct 05 00:36:51 +0000 2018,@nytimes Lock him up,0.0,0.0,0.0,1.0,36
@nytimes,Fri Oct 05 00:36:49 +0000 2018,@nytimes #FISA warrants about to be released. The Dems are in DEFCON 5!! Sweeeet Justice is coming. #TREASON #FISAGATE,0.6103,0.181,0.0,0.819,37
@nytimes,Fri Oct 05 00:36:48 +0000 2018,RT @SanchezRondon: @MariaDelNogales @usembassyve @dcabellor @nytimes @MiamiHerald @FBuenAbad @ArgentinaHoyOk @jaarreaza @laopinioncucuta #2‚Ä¶,0.0,0.0,0.0,1.0,38
@nytimes,Fri Oct 05 00:36:47 +0000 2018,@nytimes #TrumpCrimeFamily needs to pay for their illegal activities!!!,-0.7074,0.0,0.456,0.544,39
@nytimes,Fri Oct 05 00:36:46 +0000 2018,"RT @nytimes: A New Jersey Transit train leaving Manhattan derailed entering a tunnel under the Hudson River on Thursday evening, bringing t‚Ä¶",-0.34,0.0,0.112,0.888,40
@nytimes,Fri Oct 05 00:36:44 +0000 2018,RT @nytimes: New York City officials said that they had joined state regulators in examining whether President Trump and his family underpa‚Ä¶,0.0,0.0,0.0,1.0,41
@nytimes,Fri Oct 05 00:36:44 +0000 2018,RT @nytimes: President Trump has sold himself as a self-made billionaire but a Times investigation found that he received more than $400 mi‚Ä¶,0.0,0.0,0.0,1.0,42
@nytimes,Fri Oct 05 00:36:43 +0000 2018,RT @Glazetron: tell us again the arena isn't packed @CNN @MSNBC @ABC @NBC @nytimes @washingtonpost &amp; all you other fake news orgs out there‚Ä¶,-0.4767,0.0,0.119,0.881,43
@nytimes,Fri Oct 05 00:36:41 +0000 2018,RT @nytimes: A small army of African-American women across the South is using networks originally forged in segregation to muster turnout f‚Ä¶,0.0,0.0,0.0,1.0,44
@nytimes,Fri Oct 05 00:36:40 +0000 2018,RT @Glazetron: tell us again the arena isn't packed @CNN @MSNBC @ABC @NBC @nytimes @washingtonpost &amp; all you other fake news orgs out there‚Ä¶,-0.4767,0.0,0.119,0.881,45
@nytimes,Fri Oct 05 00:36:40 +0000 2018,RT @nytimes: New York City officials said that they had joined state regulators in examining whether President Trump and his family underpa‚Ä¶,0.0,0.0,0.0,1.0,46
@nytimes,Fri Oct 05 00:36:39 +0000 2018,@nytimes #MAGA yorkful cityful officialsful saidwise that they hadwise joinedwise stateful regulatorsful in examini‚Ä¶ https://t.co/f2jhde7gtP,0.0,0.0,0.0,1.0,47
@nytimes,Fri Oct 05 00:36:39 +0000 2018,@kozai @nytimes You're a guy who can't spell...,0.0,0.0,0.0,1.0,48
@nytimes,Fri Oct 05 00:36:38 +0000 2018,"RT @hannahkauthor: I'm sometimes critical of media. 
Media should be controlled when they overturn the facts without any reason.
But, I bel‚Ä¶",-0.3182,0.0,0.103,0.897,49
@nytimes,Fri Oct 05 00:36:36 +0000 2018,RT @mgallagher822: .‚Å¶@SenSusanCollins‚Å© .‚Å¶@lisamurkowski‚Å© and .@JeffFlake I wish I could find you and beg you to look at me (again). But ple‚Ä¶,0.4019,0.124,0.0,0.876,50
@nytimes,Fri Oct 05 00:36:36 +0000 2018,RT @nytimes: President Trump has sold himself as a self-made billionaire but a Times investigation found that he received more than $400 mi‚Ä¶,0.0,0.0,0.0,1.0,51
@nytimes,Fri Oct 05 00:36:31 +0000 2018,RT @karaswisher: This is the best exact plot of the start of Handmaid‚Äôs Tale: G.O.P. Hopes Anger Over Treatment of Kavanaugh Propels Voters‚Ä¶,0.5106,0.228,0.121,0.651,52
@nytimes,Fri Oct 05 00:36:29 +0000 2018,@jk_tb @nytimes Educated queen,0.0,0.0,0.0,1.0,53
@nytimes,Fri Oct 05 00:36:28 +0000 2018,RT @nytimes: President Trump has sold himself as a self-made billionaire but a Times investigation found that he received more than $400 mi‚Ä¶,0.0,0.0,0.0,1.0,54
@nytimes,Fri Oct 05 00:36:27 +0000 2018,RT @nytimes: How Times journalists uncovered the original source of the president‚Äôs wealth https://t.co/kBccM5h95D,0.6705,0.314,0.0,0.686,55
@nytimes,Fri Oct 05 00:36:25 +0000 2018,RT @nytimes: New York City officials said that they had joined state regulators in examining whether President Trump and his family underpa‚Ä¶,0.0,0.0,0.0,1.0,56
@nytimes,Fri Oct 05 00:36:22 +0000 2018,"RT @nytimes: ""Too often, when 'alternative medicine' is used instead of standard medical treatments, it delays the use of remedies known to‚Ä¶",0.0,0.0,0.0,1.0,57
@nytimes,Fri Oct 05 00:36:21 +0000 2018,@TomCottonAR @realDonaldTrump @Hannity @JesseBWatters @ChuckGrassley @Jim_Jordan @HouseDemocrats @SenateDems‚Ä¶ https://t.co/he7MoHYkzs,0.0,0.0,0.0,1.0,58
@nytimes,Fri Oct 05 00:36:19 +0000 2018,"Copy of @yonkerscouncil's resolution in support of @McPrinciples, including an Irish Language Act, available here‚Ä¶ https://t.co/2nehzhJ9qN",0.4019,0.153,0.0,0.847,59
@nytimes,Fri Oct 05 00:36:17 +0000 2018,RT @nytimes: New York City officials said that they had joined state regulators in examining whether President Trump and his family underpa‚Ä¶,0.0,0.0,0.0,1.0,60
@nytimes,Fri Oct 05 00:36:16 +0000 2018,RT @U3_MIA: @TC05131904 @BillRupy @Bornabrit1 @ROBERTLCHITEMAN @YummmiYummi @realDonaldTrump @donlemon @cnnbrk @BBCWorld @CBSPolitics @BBCP‚Ä¶,0.0,0.0,0.0,1.0,61
@nytimes,Fri Oct 05 00:36:15 +0000 2018,RT @nytimes: New York City officials said that they had joined state regulators in examining whether President Trump and his family underpa‚Ä¶,0.0,0.0,0.0,1.0,62
@nytimes,Fri Oct 05 00:36:14 +0000 2018,RT @nytimes: New York City officials said that they had joined state regulators in examining whether President Trump and his family underpa‚Ä¶,0.0,0.0,0.0,1.0,63
@nytimes,Fri Oct 05 00:36:12 +0000 2018,"RT @nytimes: The FBI investigation into Kavanaugh has ended. Here‚Äôs who was questioned, and who was not. https://t.co/6joKrA4TnW",-0.1027,0.0,0.076,0.924,64
@nytimes,Fri Oct 05 00:36:12 +0000 2018,RT @nytimes: New York City officials said that they had joined state regulators in examining whether President Trump and his family underpa‚Ä¶,0.0,0.0,0.0,1.0,65
@nytimes,Fri Oct 05 00:36:10 +0000 2018,@wildstein @nytimes @starledger @Yelp @kevinwhitmer üòÇü§£üòÇü§£üòÇ,0.0,0.0,0.0,1.0,66
@nytimes,Fri Oct 05 00:36:10 +0000 2018,RT @mgallagher822: .‚Å¶@SenSusanCollins‚Å© .‚Å¶@lisamurkowski‚Å© and .@JeffFlake I wish I could find you and beg you to look at me (again). But ple‚Ä¶,0.4019,0.124,0.0,0.876,67
@nytimes,Fri Oct 05 00:36:07 +0000 2018,"RT @nytimes: A white mob rampaged through a wealthy black business district in Tulsa in 1921, in a spate of violence that left up to 300 pe‚Ä¶",-0.3818,0.087,0.143,0.769,68
@nytimes,Fri Oct 05 00:36:04 +0000 2018,"Q Anon | This is why the Swamp is freaking out! https://t.co/1H4osa7wB8 via @YouTube 
#ThursdayThoughts  We have to‚Ä¶ https://t.co/nfHAXOoTmr",-0.4753,0.0,0.162,0.838,69
@nytimes,Fri Oct 05 00:36:02 +0000 2018,"RT @sandrogalea: Place matters for health. New @Harvard @BrownUniversity @uscensusbureau #OpportunityAtlas collaboration tracks, on a nearl‚Ä¶",0.0258,0.073,0.0,0.927,70
@nytimes,Fri Oct 05 00:36:01 +0000 2018,RT @nytimes: New York City officials said that they had joined state regulators in examining whether President Trump and his family underpa‚Ä¶,0.0,0.0,0.0,1.0,71
@nytimes,Fri Oct 05 00:36:01 +0000 2018,"RT @nytimes: In Opinion

650+ law professors (and counting) signed a letter saying that Brett Kavanaugh lacks the judicial temperament to b‚Ä¶",0.0,0.0,0.0,1.0,72
@nytimes,Fri Oct 05 00:36:01 +0000 2018,RT @nytimes: New York City officials said that they had joined state regulators in examining whether President Trump and his family underpa‚Ä¶,0.0,0.0,0.0,1.0,73
@nytimes,Fri Oct 05 00:36:01 +0000 2018,RT @nytimes: What emerges from this body of evidence is a financial biography of the 45th president fundamentally at odds with the story Do‚Ä¶,0.0,0.0,0.0,1.0,74
@nytimes,Fri Oct 05 00:35:59 +0000 2018,RT @Lisa618: Shelter Reform needed at Town of Hempstead Animal Shelter: Listen to this video &amp; please R/T üíúüíúüêæ Media Coverage @News12LI @FiO‚Ä¶,0.3182,0.095,0.0,0.905,75
@nytimes,Fri Oct 05 00:35:58 +0000 2018,"@nytimes What a distraction. Report the real news,... New York Times!",-0.4389,0.0,0.243,0.757,76
@nytimes,Fri Oct 05 00:35:54 +0000 2018,@MatthewJshow @nytimes Have you only tried to read the NYT article ? Probably not. The good ol' MAGA reflex : criti‚Ä¶ https://t.co/TBnK9gZVxo,-0.3412,0.0,0.112,0.888,77
@nytimes,Fri Oct 05 00:35:54 +0000 2018,"RT @nytimes: ""People won‚Äôt forget that,"" said Frank McKenna, a former Canadian ambassador to the U.S. ""I think that‚Äôs now deep in our psych‚Ä¶",-0.2263,0.0,0.079,0.921,78
@nytimes,Fri Oct 05 00:35:53 +0000 2018,RT @nytimes: New York City officials said that they had joined state regulators in examining whether President Trump and his family underpa‚Ä¶,0.0,0.0,0.0,1.0,79
@nytimes,Fri Oct 05 00:35:52 +0000 2018,@azrielshields @nytimes Noted and amazed.‚òÆÔ∏è,0.0,0.0,0.0,1.0,80
@nytimes,Fri Oct 05 00:35:51 +0000 2018,Ugh. Greenhouse Gas Emissions From Plastics Are Predicted to Rise    via @NYTimes https://t.co/42seIknpnE,-0.4215,0.0,0.189,0.811,81
@nytimes,Fri Oct 05 00:35:51 +0000 2018,@nytimes Nobody cares about your lame story. If this was Obama you wouldn‚Äôt report it. That‚Äôs why people don‚Äôt care‚Ä¶ https://t.co/1guNDwU9q9,0.0516,0.121,0.113,0.766,82
@nytimes,Fri Oct 05 00:35:51 +0000 2018,RT @nytimes: A small army of African-American women across the South is using networks originally forged in segregation to muster turnout f‚Ä¶,0.0,0.0,0.0,1.0,83
@nytimes,Fri Oct 05 00:35:51 +0000 2018,"Warrington Colescott, Who Etched With a Satirical Edge, Dies at 97   via @NYTimes ‚Å¶@BlackStudiesUT‚Å© ‚Å¶‚Ä¶ https://t.co/o0QfKrk69h",0.0,0.0,0.0,1.0,84
@nytimes,Fri Oct 05 00:35:49 +0000 2018,RT @nytimes: New York City officials said that they had joined state regulators in examining whether President Trump and his family underpa‚Ä¶,0.0,0.0,0.0,1.0,85
@nytimes,Fri Oct 05 00:35:48 +0000 2018,RT @AFJustice: Worth looking at: the @nytimes has a list of the people who were and weren't interviewed by the FBI. There are people centra‚Ä¶,0.2263,0.076,0.0,0.924,86
@nytimes,Fri Oct 05 00:35:47 +0000 2018,"RT @larryelder: Dear @nytimes,

When can we expect your front page investigative expose on the tax and estate planning by George Soros and‚Ä¶",0.25,0.103,0.063,0.833,87
@nytimes,Fri Oct 05 00:35:43 +0000 2018,@nytimes Who‚Äôs the crook now...tell me what you‚Äôre preaching about and I will tell you of the crime you‚Äôre committing,-0.4939,0.06,0.161,0.78,88
@nytimes,Fri Oct 05 00:35:43 +0000 2018,RT @rangersfan1966: @nytimes @BigWinInTx Conservative Christians are reminding women that the Bible states they should be subservient to me‚Ä¶,0.0,0.0,0.0,1.0,89
@nytimes,Fri Oct 05 00:35:43 +0000 2018,"RT @nytimes: The FBI investigation into Kavanaugh has ended. Here‚Äôs who was questioned, and who was not. https://t.co/6joKrA4TnW",-0.1027,0.0,0.076,0.924,90
@nytimes,Fri Oct 05 00:35:42 +0000 2018,RT @nytimes: New York City officials said that they had joined state regulators in examining whether President Trump and his family underpa‚Ä¶,0.0,0.0,0.0,1.0,91
@nytimes,Fri Oct 05 00:35:41 +0000 2018,RT @nytimes: New York City officials said that they had joined state regulators in examining whether President Trump and his family underpa‚Ä¶,0.0,0.0,0.0,1.0,92
@nytimes,Fri Oct 05 00:35:39 +0000 2018,@nytimes What a complete joke the NYT has become...total unabashed shill for all things SJW...not only is this not‚Ä¶ https://t.co/byqsN8jYyz,0.296,0.109,0.0,0.891,93
@nytimes,Fri Oct 05 00:35:36 +0000 2018,"RT @nytimes: Meet the new MacArthur ‚Äúgenius‚Äù grant winners. The 25 recipients ‚Äî scientists, artists, a lawyer and a journalist ‚Äî will each‚Ä¶",0.6808,0.248,0.0,0.752,94
@nytimes,Fri Oct 05 00:35:36 +0000 2018,RT @nytimes: President Trump has sold himself as a self-made billionaire but a Times investigation found that he received more than $400 mi‚Ä¶,0.0,0.0,0.0,1.0,95
@nytimes,Fri Oct 05 00:35:35 +0000 2018,Are You a Visual or an Auditory Learner? It Doesn‚Äôt Matter   via @NYTimes  https://t.co/VLJiwVH5w3,0.0258,0.084,0.0,0.916,96
@nytimes,Fri Oct 05 00:35:34 +0000 2018,RT @Glazetron: tell us again the arena isn't packed @CNN @MSNBC @ABC @NBC @nytimes @washingtonpost &amp; all you other fake news orgs out there‚Ä¶,-0.4767,0.0,0.119,0.881,97
@nytimes,Fri Oct 05 00:35:32 +0000 2018,"@nytimes I like the I'm an asshole whose made of money look they both got on in the photo!  K, I dunno what I'm talking about!  LOL hahahah.",0.7661,0.216,0.0,0.784,98
@nytimes,Fri Oct 05 00:35:32 +0000 2018,RT @nytimes: New York City officials said that they had joined state regulators in examining whether President Trump and his family underpa‚Ä¶,0.0,0.0,0.0,1.0,99
